rank,Video,Video views,Likes,Dislikes,Category,published
1,"20 Tennis shots if they were not filmed, NOBODY would believe them","3,471,237",19023,859,7,12
2,Lil Nas X - Old Town Road (Official Movie) ft. Billy Ray Cyrus,"54,071,677",3497955,78799,7,14
3,JoJo Siwa - Karma (Official Video),"34,206,747",293563,0,7,19
4,Wiz Khalifa - See You Again ft. Charlie Puth [Official Video] Furious 7 Soundtrack,"6,643,904,918",44861602,0,7,10
5,‰ºäË≥Ä„ÅÆÂ§©ÁÑ∂Ê∞¥Âº∑ÁÇ≠ÈÖ∏Ê∞¥„ÄåÂÆ∂Êóè„Åß„ÄÅ„Ç∑„É•„ÉØ„Ç∑„Çß„Ç¢„ÄÇ„ÄçÁØá„ÄÄ15Áßí,"236,085,971",38,0,7,16
6,JP Saxe - If the World Was Ending (Official Video) ft. Julia Michaels,"76,834,495",804353,21195,7,14
7,David Kushner - Daylight (Official Music Video),"18,558,390",680732,0,7,18
8,Power Star Pawan Kalyan Special Surprise To Sensational Singer Baby|Filmy Poster,"96,686",1007,82,3,13
9,Kulit Kamu Kulit Kering dan Sensitif? Pakai Aveeno Skin Relief Lotion!,"9,605,969",6,0,7,18
10,Totti with a funny penalty,"8,353,318",5613,1082,13,2
11,Babilala ‡∏ó‡∏µ‡πà‡∏ó‡∏±‡πâ‡∏á‡πÅ‡∏°‡πà‡πÅ‡∏•‡∏∞‡∏•‡∏π‡∏Å‡∏ä‡∏∑‡πà‡∏ô‡∏ä‡∏≠‡∏ö‡∏ô‡∏±‡πâ‡∏ô‡∏Ñ‡∏∑‡∏≠‡∏≠‡∏∞‡πÑ‡∏£?,"8,718,326",46,0,7,16
12,"Polo G, Stunna 4 Vegas & NLE Choppa feat. Mike WiLL Made-It - Go Stupid (Official Video)","7,396,199",320910,6485,7,15
13,Every Moment With You (ÎÑàÏôÄÏùò Î™®Îì† ÏßÄÍ∏à),"7,958,181",54903,0,7,19
14,Not a mechanical baby,"14,612,153",3339,156,3,6
15,"Yovie Widianto, Lyodra, Tiara Andini, Ziva Magnolya - Menyesal","13,894,905",452087,0,7,18
16,pevecov popek poje na sexy back,"37,460,296",4533,10949,1,2
17,"Luck Ra, Nicki Nicole - DOCTOR","8,286,096",149421,0,7,19
18,Jay Wheeler - Te La Dedico / For You (Official Video),"13,764,098",111497,0,7,18
19,"Colapesce, Dimartino - Musica leggerissima (Official Video - Sanremo 2021)","6,953,838",116350,2059,7,16
20,Grandma Dottie's Prom Dress Surprise,"8,414,676",2442,103,10,7
21,Rels B - LA LATINA (Videoclip Oficial),"5,851,411",155543,3504,7,14
22,Together We Can Make a Difference,"10,627,797",21,6,7,14
23,Get back on your feet with our top rated lawyers,"98,468,536",5492,0,7,17
24,Jim Carrey THE FUNNIEST video,"8,322,488",6216,11521,1,2
25,TEST Œ≥ŒπŒ±ŒΩŒ± Œ¥ŒµŒπœÇ Œ±ŒΩ Œ≠œáŒµŒπœÇ Œ∫Œ±ŒªŒ¨ ŒºŒ±œÑŒπŒ¨,"699,382",8436,1756,10,12
26,„ÄêÊÄ•Âãü„Äë‰∏≠ÈÄîÊé°Áî®„Ç®„É≥„Éà„É™„ÉºÂãüÈõÜ‰∏≠„ÄÄ„Éì„Ç∏„Éß„É≥„Éª„Ç≥„É≥„Çµ„É´„ÉÜ„Ç£„É≥„Ç∞,"11,638,201",98,0,7,17
27,"Kevin AMF, Tiagz - Maradona (Tatara) (Video Oficial)","5,756,535",111266,0,7,19
28,MILLION DOLLAR BABY,"11,894,076",226375,0,7,19
29,03 - 03 - 2015 AimBot,"5,923,017",62,307,5,10
30,"6ix9ine - FEFE ft. Nicki Minaj, Murda Beatz","1,097,393,695",9038575,0,10,13
31,Cat mom hugs baby kitten,"59,857,489",347772,8212,11,6
32,"Biggest Snake of the World for Sale, 25 000 ‚Ç¨","55,113,253",3957,46705,3,3
33,IdentityIQ Best-Rated Credit Report Monitoring,"16,676,560",29,0,7,17
34,kwn - worst behaviour (Official Video) ft. Kehlani,"4,386,564",159903,0,7,20
35,Polo G - Flex (Official Audio) ft. Juice WRLD,"3,845,186",122706,1305,7,15
36,Hanumankind - Run It Up ( Prod. By Kalmi ) | (Official Music Video),"28,181,241",1772692,0,7,20
37,basic instinct,"6,484,622",1102,271,3,1
38,CUPRA Leon e-HYBRID,"3,873,121",4,0,7,16
39,The JAWS OF DEATH AROUND ME my story,"15,694,317",2156,16530,11,2
40,Remember Me (Í∏∞ÏñµÌï¥Ï§òÏöî ÎÇ¥ Î™®Îì† ÎÇ†Í≥º Í∑∏ÎïåÎ•º),"5,272,487",20088,0,7,19
41,"Pedro Cap√≥, Farruko - Calma (Remix - Official Video)","2,993,030,499",13840531,0,7,13
42,Dog meets baby kitten,"5,856,946",2705,83,10,9
43,KINEGRAM - Making identity documents secure,"12,643,841",14,0,7,17
44,JD Pantoja - 12‚Ä¢19 (Official Video),"7,010,732",1027392,34185,7,15
45,Suzuki Hayabusa with Turbo Vmax 390kmh,"20,146,924",11010,1095,0,1
46,Libianca - People (Visualiser) ft. Becky G,"5,353,676",113198,0,7,18
47,Roger Federer / Bill Gates vs John Isner / Mike McCready - Match for Africa 4 Highlights,"514,694",2742,69,13,12
48,Encuentra POP Queso Cheddar.,"21,786,732",7102,0,7,18
49,Rhapsody of Sadness,"3,409,906",18968,0,7,18
50,Aydem Enerji - Hayat i√ßin enerji,"3,102,751",8,0,7,15
51,Starcraft 2 Gameplay footage and unit preview,"7,529,927",6075,772,3,2
52,Maradonna Gods Hand,"3,777,997",2300,854,13,2
53,"Smartpress - Premium Print for Designers, Agencies and Brands","2,985,300",1,0,7,15
54,Jay Wheeler - Xexo (Official Video),"5,038,848",93112,0,7,18
55,"GabyMusic,AnuelAA,LuarLa,Lunay,Bryant Myers - No Te Quieren Conmigo(Remix)","5,461,432",159823,0,7,19
56,"Sir Nicholas Winton - BBC Programme ""That's Life"" aired in 1988","39,407,674",97009,747,2,4
57,Why athletes should wear pants,"17,802,747",2935,46151,13,3
58,Kurdish KANGAL vs.American Pitbull Terrier Dog Fight 2008,"8,066,421",1267,5689,11,3
59,"Acompa√±a a Carlos Andres Acosta, mientras nos muestra la nueva Kia Sportage 2023","8,690,900",10,0,7,17
60,–ï—Å–ª–∏ –º–µ–Ω—Ç....,"10,748,286",7504,4116,7,5
61,Wedding first dance w/ surprise Jack Johnson Michael Jackson,"16,485,606",15813,1360,1,2
62,Polo G - Be Something (Official Audio) ft. Lil Baby,"2,692,740",99982,2393,7,15
63,Bureau Vall√©e - papeterie et Fournitures de bureau,"21,596,623",7,3,4,14
64,Static & Ben El - Bella,"3,305,681",10461,626,7,16
65,Police take advantage of a Drunk Girl,"36,311,875",24016,4340,8,3
66,Big nipples,"13,591,249",1951,1628,1,1
67,2020Êñ∞ÁîüÊ¥ªCP„ÄåÂßã„Åæ„Çä„ÅÆÊó•„Äç15Áßí,"9,857,163",13,0,7,15
68,–í–∫–ª–∞–¥—á–∏–∫–∞–º –Æ–≥—Ä—ã –≤ –¶–µ–Ω—Ç—Ä–æ–±–∞–Ω–∫–µ –Ω–µ —Ä–∞–¥—ã,"204,782",5352,63,8,12
69,Sporto by Macho | The First Gaze,"52,049,705",1307,0,7,16
70,PUN - DAY ONE,"4,669,546",95387,0,7,19
71,7 dia,"2,943,159",33263,0,7,20
72,We asked you... What do you Chooze ?,"1,018,713",2413,12,0,12
73,Best Heavyweight Knockouts of All Time,"5,250,458",5891,509,13,2
74,Dog reacts to return of Nathan after two year Mormon mission,"6,040,429",5972,194,11,10
75,Orangutan loves baby bump,"5,989,058",4282,282,7,11
76,Dog scared by fart,"5,938,416",3883,129,1,10
77,–ù–ï –ü–û–í–ï–ó–õ–û - UNLUCKY,"14,921,437",3604,1225,1,4
78,"Visitenkarten, Flyer oder Banner schon ab unter 10‚Ç¨.","4,929,481",3,2,10,12
79,we were in love (2024) (... ÏÇ¨ÎûëÌñàÏûñÏïÑ... (2024)),"3,630,534",22217,0,7,19
80,David Beckham crazy pass (cross),"17,275,250",32362,752,13,3
81,LAVIE LOVE LIST | 2019,"10,188,590",9,0,6,14
82,Tra Tra Tra,"2,663,550",734,212,1,2
83,The ultimate seduction: Funny & bizarre slideshow,"81,744,457",2,0,1,3
84,Girl In Car Flashes Her Bra & Then Crashes Into A Truck!,"9,884,005",7891,2334,10,4
85,Girl blown by a plane,"12,255,456",7725,745,14,7
86,La nevedere,"2,960,493",22343,0,7,17
87,Why Lands' End Business,"8,393,245",2,0,7,16
88,KATSEYE - Touch (ft. YEONJUN of TOMORROW X TOGETHER),"2,279,833",168798,0,7,19
89,Lucio Corsi - Volevo essere un duro (Sanremo 2025),"6,016,657",137088,0,7,20
90,Storm (Storm),"2,113,438",12274,0,7,20
91,Barack Obama Hillary Clinton - Umbrella,"148,996,976",36190,20698,1,3
92,Nice Fight - Cops vs Drug Dealer,"17,166,129",12980,3713,3,3
93,Uƒüur Volkan Uysal | Wix.com ile Kendi Sitenizi Kurun,"6,587,447",32,101,10,13
94,"[ÌîåÎ°úÏö∞] #Ïò§ÏùºÏàòÏä§ÌÇ® #Ïà®Î∞©Ïö∏Ïä§ÌÇ®  15""","6,354,771",44,38,7,13
95,Olivia Rodrigo - drivers license (Official Video),"68,224,979",3810456,48539,7,16
96,ALYPH - SWIPE (ft. Dato Seri Vida) Official Music Video,"4,645,815",93750,0,7,17
97,Unleash Your Urban Style,"4,485,529",2,0,7,18
98,Meineke Financing- 15 Second Commercial,"32,387,918",4071,0,7,15
99,"Asake, Central Cee - Wave (Official Video)","10,779,032",287616,0,7,19
100,JoJo Siwa - Guilty Pleasure (Official Music Video),"3,870,451",39264,0,7,19
101,Chica Atractiva,"2,638,356",33875,0,7,20
102,[Dandadan] Creepy Nuts - „Ç™„Éà„Éé„Ç±(Otonoke)¬†(Official Music Video),"13,933,735",441696,0,7,19
103,Jedna fotografija dnevno u najgoroj godini ≈æivota / One photo a day in the worst year of my life,"61,892,792",32649,4045,10,8
104,"Grilling Tip, How to Make a Non Stick Surface Part 1","4,702,870",786,51,6,9
105,Brock Lesnar serves breakfast in ESPN cafeteria prank | ESPN Archives,"2,472,045",28842,1204,13,12
106,Top 20. Soundtracks Of All Times!,"3,590,248",2836,2542,7,2
107,Kobe dunks over Shaq in practice (funny),"12,649,333",4492,1247,13,1
108,–¢–∞–Ω–∫ –ê—Ä–º–∞—Ç–∞,"3,954,302",4636,1033,7,10
109,CRASH-405,"2,714,140",376,1665,1,1
110,"Paragard¬Æ - 'Your Hormones, Not Ours'","24,340,652",2,0,7,17
111,All aisles lead to savings. Every day!,"22,029,100",5,0,7,18
112,Massimo Pericolo - Moneylove (Visual Video) ft. Emis Killa,"3,824,053",36936,0,7,18
113,Kodak Black - Hit Stick,"2,032,486",87384,0,7,19
114,German Shepherd scared of Stuffed Toy Tiger. Very Funny! (ORIGINAL VIDEO & VERSION)),"5,352,751",6997,171,10,10
115,Tenacious D - Explosivo,"2,754,518",10186,204,3,1
116,Aydem Enerji - Hayat i√ßin enerji,"2,003,221",5,1,7,15
117,HSMFanNisa Exclusive:High School Musical 2 Song(s)With Lyric,"7,352,624",2538,256,7,2
118,Fo fo fo fo fristajlo!,"2,894,700",6108,152,1,2
119,LILHUDDY - America's Sweetheart (Official Music Video),"3,086,667",346074,12082,7,16
120,Sofia Castro - Bien Por Ti (Official Video),"3,416,695",204468,0,7,17
121,Sensodent-K | Most random bahana to avoid cold drink | Tooth Mein Current,"4,385,102",52,0,7,18
122,Sunway College - Pathway To A Brighter Future,"3,829,095",2,0,7,14
123,"Eladio Carri√≥n - Quiz√°s, Tal Vez (Live Session) | Vevo ctrl","4,196,300",56077,0,7,18
124,Eden Mu√±oz - ¬øC√ìMO TE FUE SIN M√ç?,"1,847,580",32324,0,7,19
125,Emeron Lovely Naturals Sakura,"16,040,649",41,0,7,15
126,"ROSAL√çA, J Balvin - Con Altura (Official Video) ft. El Guincho","2,224,022,798",9802981,0,7,14
127,How NOT to Load a New Ford F-350 Truck on a Trailer,"3,415,700",942,303,10,10
128,baby playing in mother's womb !!!!!,"5,806,522",2810,101,3,5
129,Cats Welcoming Home Soldiers (parody video),"2,126,930",1984,259,1,9
130,Hello Osko by BPAY :: 15,"3,763,894",2,0,7,13
131,Coconut crab attacks bird,"2,691,332",785,225,10,12
132,Gta sa Kamehameha,"2,420,719",2,0,3,3
133,Swimming,"25,671,563",2240,2419,10,2
134,Ice Spice - in ha mood (Official Video),"3,725,161",160883,0,7,18
135,‚ÄûSo wie wir Wontis es auch tun.‚Äú - Laura & J√∂rg Wontorra rufen zum Licht-Recycling auf.üí°‚ôªÔ∏è,"2,596,725",1,0,7,18
136,"Jay Wheeler, Dei V, Hades66 - Pacto (Official Video) ft. Luar La L","20,502,045",180683,0,7,18
137,How to fix a small dent,"23,778,413",5399,419,2,5
138,–•–æ–∫–∫–µ–π –≤ —Ñ—É—Ä–µ - –≤—ã–∑–æ–≤ –ø—Ä–∏–Ω—è—Ç!,"1,556,347",2726,1433,13,12
139,44 Magnum Las Vegas,"2,345,415",7883,259,10,5
140,Miss Carolina - se le salio!,"37,787,055",3476,10810,1,4
141,Two guys cause trouble on Ryanair,"2,451,202",697,441,10,11
142,Hot Bikini Waxing Girls!,"1,888,388",398,106,10,1
143,Bucket Bear better quality,"4,399,693",2977,117,11,9
144,c`e solo l inter... a farci ridere,"2,136,208",3379,1966,13,2
145,Remember the 80's ?,"3,293,594",1481,89,1,1
146,Œ§Œø œÄŒøŒπŒø Œ±œÄŒØœÉœÑŒµœÖœÑŒø Œ≤ŒØŒΩœÑŒµŒø œÄŒøœÖ Œ≠œáŒµœÑŒµ Œ¥ŒµŒπ œÄŒøœÑŒ≠!!! The most INCREDIBLE VIDEO EVER !!! WWW.BYTHEWAY.GR,"3,360,262",2084,3489,13,3
147,Funny Foul Shot Blooper,"2,540,079",3507,93,13,6
148,video 1450041175 mp4,"2,368,587",732,90,10,10
149,ÎÑàÎùºÎäî Î≥Ñ,"4,406,467",18295,0,7,19
150,Sunway College - Pathway To A Brighter Future #2,"3,391,881",16,0,7,14
151,Kim Petras & Nicki Minaj - Alone (Official Music Video),"12,935,167",279649,0,7,18
152,Work Hard. Stay Humble. Wear Dixxon.,"50,822,036",101,0,7,17
153,High School Musical 3 - Can I Have This Dance *OFFICIAL MUSIC VIDEO w/lyrics (HQ),"25,576,382",23880,1691,7,3
154,Elephant Auto Insurance-  Multi Car U.S. Discount,"6,189,110",9,11,7,13
155,Zebra Drowning a Lion,"30,475,518",19766,2398,0,4
156,Garth Brooks - The Dance - Kick Cancer's ASS!,"3,751,723",2513,90,3,9
157,WyzywajƒÖca Doda,"2,195,081",712,507,3,1
158,–ö—Ä–µ–¥–∏—Ç –Ω–∞–ª–∏—á–Ω—ã–º–∏ 15 sec,"21,492,932",16,96,8,12
159,We Treat Minor and Major Medical Issues,"13,257,401",27,15,7,14
160,Smartest Police Dog Ever!,"3,818,260",2410,29,10,4
161,MIXPIX -- Mi-Arte.es,"1,699,588",2,1,7,14
162,Der neue CUPRA Ateca ‚Äì Create your own Path,"2,866,109",2,0,7,14
163,Grandma falls into crib,"5,198,725",3233,640,10,11
164,"""Drake"" on the Tube...","2,683,856",7414,457,1,7
165,Tundra vs Silverado,"2,600,480",738,672,0,2
166,Capitoline venus,"2,181,160",63,119,14,2
167,Cat and Dog (a love story),"2,194,640",1626,276,11,2
168,Bl√ºmchen (Blossom) - Herz an Herz,"2,257,460",3800,199,7,1
169,"Ghetto Kids, Kenia OS, Malo - Toketeo (Video Oficial)","1,677,733",211037,7579,7,16
170,"FabLab Glitter Tattoos, Hairlights and Nail Art kits! Be Creative, Be You, Be FabLab! ‚ú®","10,500,073",23,0,7,16
171,Ricchi E Poveri - Ma non tutta la vita (Official Video) | Sanremo 2024,"6,849,596",59198,0,7,19
172,"Alex Ponce, BLANKO - La Sin Sentimientos (Official Video)","2,443,713",88475,0,7,19
173,"Olly, Juli - Balorda nostalgia (Official Video - Sanremo 2025)","27,215,183",161626,0,7,20
174,"ROA, De La Rose, Luar La L, Yan Block, Omar Courtz - ETA RMX","9,140,994",179818,0,7,19
175,Affet,"1,422,342",4331,0,7,20
176,Bunny Girl,"2,126,674",81236,0,7,19
177,perfekte welle,"2,337,888",4430,174,7,0
178,Rooftop Driving Experience,"1,645,377",14,3,7,14
179,Silent Monks Singing Halleluia,"21,061,223",50817,1336,1,3
180,ABBA Dancing Queen 1976,"20,688,870",22826,851,7,1
181,Horse attacks alligator! Payne's prairie 4/12/17,"2,173,396",2235,200,10,12
182,two fake umps.MOV,"1,338,441",3712,135,13,5
183,Safe Sleep for Baby,"3,400,850",181,156,2,6
184,westerland,"5,289,591",8542,269,7,1
185,WTC in a perfect world,"3,476,635",5982,2129,4,2
186,The megalodon-World's Biggest Shark,"13,893,527",8744,5157,3,2
187,Groom forgets rings prank,"2,760,303",1730,212,3,11
188,Natalie Jane - AVA (Lyric Video),"1,592,225",59621,0,7,17
189,"Berani Lawan Harpic Mom? Pakai Harpic 10x Lebih Bersih, Segampang itu!","14,399,348",562,0,7,18
190,KUSUKA Keripik Singkong - Greatest Time,"21,865,902",16,0,7,18
191,SweeTARTS | Be both | Wedding,"83,720,474",114,0,7,16
192,ÿßÿÆÿ™Ÿéÿ± ÿµÿ≠. ÿ¥ŸàŸÅ ÿßŸÑŸÅÿ±ŸÇ ŸÖÿπ ÿ±Ÿäÿ¨ŸäŸÜ,"7,927,774",1,0,7,18
193,"Si, Si Eres Tu","10,363,316",337066,0,7,18
194,7liwa - Rwicha (Official Music Video),"1,662,974",45556,0,7,19
195,Teresa & Maria,"11,757,639",160328,0,7,19
196,Á¥´¬†‰ªä¬†-¬†È≠îÊÄß„ÅÆÂ•≥A„ÄÄLyric¬†Video,"1,581,463",61186,0,7,19
197,Barbie-Girl,"22,225,399",10788,3217,4,1
198,ProtoType gameplay,"3,128,367",4724,605,3,3
199,Weird People and Animals,"11,474,129",2458,4833,1,3
200,Lola and Annie - Road Trip Karaoke,"7,095,244",4677,200,1,12
201,DIESEL LOUIE,"1,605,558",1035,52,0,2
202,4 year old little girl feeding and controlling six #pitbulls / Girl Controls Future Dog Trainer,"6,691,213",3008,342,10,10
203,Big Fish - trailer,"2,126,010",3046,119,3,1
204,over 500 strokes per minute,"2,285,448",1104,5442,6,2
205,Titanic - The Drawing Scene,"1,765,315",444,1079,1,1
206,"morodo, la yerba del rey","5,337,381",5237,263,8,2
207,Mulatto - No Hook (Official Video),"2,138,136",123687,1793,7,15
208,Devils Fingers or Octopus Fungus Clathrus archeri December 2014,"6,705,396",791,42,0,9
209,"Gerald Daugherty Campaign: ""Please Re-Elect Gerald...Please!""","3,923,892",6783,103,10,11
210,Smart German Shepherd:  Twitch Letting Sophie Out of Her Kennel,"9,071,139",6457,432,11,7
211,Help your local hospital workers in the fight against COVID-19,"1,895,774",0,0,7,15
212,Morray - Trenches (Official Music Video),"1,352,140",58129,1051,7,16
213,Be√©le - Si Te Interesa (Official Video),"1,450,005",94228,1067,7,16
214,NURO Biz„ÄåÂÆâÂÆöÊÄß„ÄçÁØá 15Áßí,"6,459,787",4,0,7,17
215,CHAINSAW BLOOD / VaundyÔºöMUSIC VIDEO,"5,767,744",98070,0,7,17
216,Your Wyndham Is Waiting :30,"12,559,128",2,0,7,18
217,LINDOR Made to Melt You,"72,815,244",108,0,7,16
218,"Yovie Widianto, Ziva Magnolya - Menanti (Official Music Video)","3,264,026",58596,0,7,18
219,‚ÄéGood Night Good Dream (Ï¢ãÏùÄ Î∞§ Ï¢ãÏùÄ Íøà),"1,776,477",9118,0,7,19
220,Addison Rae - Aquamarine (Official Video),"2,641,333",135303,0,7,19
221,Coraz√≥n Partido,"1,494,141",17261,0,7,20
222,supercars accidents !!!!!!!,"2,021,817",694,230,0,2
223,Bie≈ºnie inSPORTline - Na ka≈ºdƒÖ pogodƒô!,"16,093,134",30,27,10,12
224,Aitch - Safe To Say,"1,330,363",84759,1749,7,15
225,ShemarooMe - BOLLYWOOD | GUJARATI | DEVOTION | PUNJABI | KIDS,"1,226,138",1,0,10,14
226,BREAK IT OFF ‚ñ∫ SEAN PAUL & RIHANNA,"35,610,827",2,0,14,2
227,If you watch this 100 times you'll still laugh !,"45,597,951",97649,27835,1,3
228,"Korea, the best dancer ever!!!","24,082,631",36946,13769,3,2
229,End Of Watch Trailer,"3,212,936",1083,76,4,7
230,Rally driver's killer reflexes,"7,261,710",15509,685,13,6
231,Crazy Turtle,"12,093,713",6766,1337,3,2
232,"Top Ten most Awesome Boat , Crashes, Collisions, Sinkings and Amazings Sights at Sea","3,062,448",1642,273,2,4
233,„ÉÜ„É¨„ÉìCM „Äå„Åè„Çâ„Åó„Çí„Ç∑„Ç¢„ÉØ„Çª„Å´„Åô„Çã„ÄÅ„Åú„Çì„Å∂„ÄÇ„Äç15Áßí,"4,827,088",9,2,7,15
234,The Rockettes 'Be My Baby' video,"6,636,077",1284,41,7,8
235,Vegam√°lun G√çH,"3,012,775",1632,162,10,12
236,Traditional Malaysian blowpipe maker shows how he takes down his prey in the wild,"3,510,345",32449,248,4,12
237,Doug Fernandez gives up,"2,002,491",19461,185,10,12
238,–ú–∏—Ä –Ω–µ –±–µ–∑ –¥–æ–±—Ä—ã—Ö –ª—é–¥–µ–π    –ó–∞–±—ã–≤ –ø—Ä–æ —Å–≤–∞–¥—å–±—É,"2,068,532",839,45,7,12
239,Napoleon. Always in for a thrill. NL,"4,245,390",2,3,7,14
240,Buffet,"2,751,775",5401,342,1,11
241,Customer Fail!,"4,525,935",8052,2288,10,11
242,Blue Angels Fly By,"7,980,199",11170,417,1,10
243,Tyla Yaweh - I Think I Luv Her (Lyric Video) ft. YG,"2,124,429",19110,1256,7,14
244,Convert JPG to PDF with Convert-JPG-to-PDF.net,"1,275,912",373,116,7,7
245,"Dare to live without limits, FibreGuard Stain Resistant Fabric","1,370,100",7,0,7,13
246,video picante del jaripeo,"4,148,013",442,846,3,4
247,Carle and Health Alliance ‚Äì Redefining healthcare around you,"1,320,929",8,2,7,14
248,University of Arizona v.s. UCLA Streaker Dressed as Referee 2011 ENTIRE VIDEO (ORIGINAL),"2,601,392",3467,580,3,6
249,Breast Flexing,"4,119,405",1819,215,3,2
250,DOBLAJES DX EL CHAVO CHAPULIN COLORADO,"1,886,651",421,1040,1,2
251,How to Change a Nipple Piercing,"11,658,971",596,7432,6,6
252,"Crocodile attacks couple  in Zimbabwe , Kariba 2016 Insta @stueysink88","4,422,005",879,338,11,11
253,Lil Kee - What You Sayin ft. Lil Baby,"2,716,318",83058,0,7,17
254,"Buat kamu yang #BeraniExtra, Cobain Susu UHT Greenfields yang #ExtraTasty!","91,527,894",61,0,7,17
255,How to Save Water Around the Yard,"10,671,714",19,0,7,17
256,√Örets beste griller - Prisguiden griller grillekspertene,"2,531,881",15,0,7,13
257,NERDS Gummy Clusters | Roll Bounce,"12,348,407",19,0,7,18
258,Helping small businesses find a way,"1,949,456",0,0,7,16
259,ALFA - Vai! (Official Video - Sanremo 2024),"5,192,650",49065,0,7,19
260,Trueno - REAL GANGSTA LOVE (Visualizer),"3,079,234",109936,0,7,19
261,Isadora Pompeo - Ovelhinha (Ao Vivo),"2,934,585",66830,0,7,19
262,"Sabe que os mlk √© drake, n√£o √© bigode n√£o","1,415,045",18770,0,7,19
263,ROSONES,"1,143,334",27036,0,7,19
264,Ready? Ready.,"1,486,824",4805,143,10,11
265,Privacy in a brand-named hotel,"22,529,178",6601,2414,10,9
266,Ocean Mist Cut Down,"6,815,505",38,14,7,14
267,Reckless Driver Videos Himself Speeding On Facebook Live Before Accident,"3,653,602",3162,4296,14,11
268,"Empleados de BANAMEX d√°ndose de arrimones en Angel√≥polis, Puebla","3,649,044",192,4753,8,5
269,Ë™∞„Åß„ÇÇÁ∞°Âçò„ÄÅÁÑ°Êñô„ÅßÂÖ¨ÈñãÔºÅ„Éõ„Éº„É†„Éö„Éº„Ç∏‰ΩúÊàê„Å™„ÇâWix.com,"22,504,802",165,88,6,11
270,Old man is having fun under metallica,"2,566,313",25274,399,3,12
271,Experimento Asiento Inc√≥modo,"2,516,672",1285,868,10,12
272,Rollercoaster bezichtiging in Ermelo,"4,851,071",3934,141,10,9
273,–°–∏–¥–∏—Ç —Å–µ–±–µ —Ç–∞–∫–æ–π —Å—Ç–∞—Ä–µ—é—â–∏–π –°–µ—Ä—ë–∂–∞... (–¢–∞—Ä—É—Ç–∞ –º—É–ª—å—Ç–∏–∫),"1,020,604",1123,9,10,12
274,Daddy yankee Llamada De Emergencia oficcial video,"3,393,600",1210,126,7,3
275,American Terrorist Christopher Cantwell balls his eyes out,"1,283,550",1966,5740,10,12
276,Chinese boy breaks elevator with his pee pee,"2,171,435",990,102,10,13
277,Superman Disguise,"1,388,327",6100,97,10,5
278,Touch at Your Own Risk,"2,637,024",3931,222,10,12
279,Bio-Oil Love your marks,"22,620,709",34,12,6,14
280,"Lisa Simpson calls Donald Trump Presidency, Increased Debt","5,099,101",6432,350,1,6
281,Accident in ski lift Gudauri Georgia,"1,070,767",694,184,10,13
282,atlantis waterslide lol,"1,421,652",475,38,3,2
283,New 15 ' SunSense Sunscreen - Expert Care for the Sun Aware 30' Ad 2019/20 Summer,"1,207,217",2,1,7,14
284,SHP SHPT1013 Brand Pre Roll Triplets 30   Unslated MP4,"1,394,372",2,0,7,14
285,Lionel Messi VS Real Madrid The Fight,"1,851,681",705,1163,13,4
286,HELLS ANGELS BEAT & STAB BANDIDOS BIKER GANG,"2,659,150",375,150,8,2
287,Backyardigans,"1,232,789",216,120,3,5
288,Court room beating,"3,569,473",2312,131,10,1
289,BACILOS LA CARA DE LA LUNA,"2,142,731",2971,89,7,3
290,The best gymnastics of the world 1,"1,998,858",1783,292,13,2
291,Cars: Mater-National ps3,"1,459,766",105,54,3,3
292,Stuck Tractor,"13,021,062",2,0,0,2
293,"Hippo Charge on Chobe River Jan2015, recorded with iPhone 6; Botswana, Awesome but crazy dangerous.","9,735,098",14563,773,10,10
294,Kid at Minecon 2016 asks what we all wish we could answer,"1,669,272",23510,502,10,11
295,Bruce Lee VS japanese school,"22,075,523",25688,0,4,2
296,"Brest terres oc√©anes, le bout du monde √† port√©e de main !","1,310,703",93,0,7,15
297,Sauti Sol - Lil Mama (Official Audio),"1,642,529",27426,0,7,17
298,Amarah Bagaikan Korek Api,"15,504,921",90,0,7,17
299,#WhatMakesUsOne - by The Times of India - (60sec),"34,955,901",20,0,7,18
300,Destroy Lonely - Look Killa (Short Film) (Short Film),"1,194,149",89811,0,7,18
301,"Chencho Corleone, Peso Pluma - HUMO (Official Video)","8,915,202",199564,0,7,19
302,Tiryakinim,"8,170,818",45890,0,7,19
303,don't leave me (Í±∞ÏßìÎßêÏ≤òÎüº),"1,787,169",13937,0,7,19
304,"Rema, Shallipopi - BENIN BOYS","3,795,164",112684,0,7,19
305,Luck Ra - ROBAME UN BESO (Official Video),"1,891,707",41102,0,7,19
306,JENNIE - ZEN (RUBY ALBUM MARCH 7),"30,170,014",1932403,0,7,20
307,"Nanpa B√°sico, Kris R. - Cari√±itos Y Flores (Official Video)","4,208,059",63605,0,7,20
308,UWAIE,"8,114,376",122955,0,7,19
309,Trueno - REAL GANGSTA LOVE (Official Video),"15,985,735",263086,0,7,19
310,Eden Mu√±oz - todo me vale madre,"1,144,941",30525,0,7,19
311,Helping small businesses find a way,"1,688,453",2,0,7,16
312,Tinius Olsen in Education,"9,605,323",5,0,7,16
313,"–¢—ñ—Å—Ç–æ ""–õ–µ–≤–∞–¥–∞"". –ù—É —ñ –∑–∞–º—î—Å! 20 —Å–µ–∫.","4,782,416",17,0,7,16
314,DIE 4 YOU,"5,766,751",65566,0,7,18
315,Ice Spice & Nicki Minaj - Princess Diana (Official Music Video),"45,990,411",1128880,0,7,18
316,Hitana,"1,614,632",9651,0,7,18
317,Cracker Barrel Cheese: The Big Night (:15s),"17,485,016",10,0,7,18
318,ARIETE - MARE DI GUAI (Official Video - Sanremo 2023),"1,130,141",17689,0,7,18
319,Say My Name,"1,845,505",18095,0,7,18
320,‰∫∫‰∫ãÈÉ®„ÅåÈÅ∏„Å∂„Éô„Çπ„Éà„Éê„Ç§Ôºà30ÁßíÔºâ ÔΩúÂÅ•Â∫∑ÁÆ°ÁêÜ„Ç∑„Çπ„ÉÜ„É† CarelyÔºà„Ç±„Ç¢„É™„Ç£Ôºâ,"3,952,851",7,0,7,17
321,Kids Tiffin,"17,363,846",4,0,7,18
322,"Jhay Cortez, J. Balvin, Bad Bunny - No Me Conoce (Remix)","2,399,769,757",6684120,0,7,14
323,A Needed Response,"11,622,727",39804,1872,7,8
324,How to surprise a horse,"1,625,194",7357,352,1,11
325,Service station attempted robbery,"346,486",433,8,10,11
326,Lep≈°√≠.TV - Nov√° dimenze sledov√°n√≠ televize On-line,"3,997,769",7,1,7,16
327,Best of Both Worlds,"14,813,633",11336,1289,3,1
328,SHOCKING!! Tumor of 186 Pounds! - Man Pleads For Help.,"45,105,963",3902,6244,10,6
329,–ù–∞–ø–∞–¥–µ–Ω–∏–µ –±–∞–π–∫–µ—Ä–æ–≤ –Ω–∞ –º–∞—à–∏–Ω—É! (—Å –Ω–µ–æ–∂–∏–¥–∞–Ω–Ω—ã–º –∫–æ–Ω—Ü–æ–º!),"15,766,889",15639,2200,10,9
330,Color changing Lightning McQueen,"7,005,951",803,907,5,5
331,Funny baby girl faces,"13,524,975",10164,1532,10,2
332,When You play dodgeball with a Softball player. licensing@rumble.com,"2,134,991",12128,299,1,12
333,Bird learns how life works,"4,916,042",74420,703,5,10
334,—ç–∫—Å—Ç—Ä–µ–º–∞–ª—å–Ω—ã–π –≤–∑–ª–µ—Ç –≤ –ë–æ–¥–∞–π–±–æ.mp4,"1,891,710",3389,109,0,7
335,Election Day (16x9 - 15 seconds) | Elections Canada,"3,036,451",1,0,7,16
336,HOW TO GET IT - HYPNOTIQ FT. LIL WAYNE (PRODUCED BY SOUNDMASTER T),"3,040,398",8936,17,7,11
337,Noble Official Trailer,"2,110,253",146,6,7,10
338,How to spend a sick day,"4,292,471",1650,29,10,9
339,Ikan Besar Terdampar di pantai anakotao/Hulung Des,"8,191,516",1978,357,10,12
340,–≤–Ω–µ–∑–∞–ø–Ω–æ,"962,437",2280,257,10,12
341,–°—É–ø–µ—Ä –≥–µ—Ä–æ–∏ —Å–µ—Ä–≤–∏—Å–∞ Nissan ‚Äî –¢–∞–π—Ä–æ,"1,921,703",2947,1776,10,12
342,Clumsy Dog,"3,432,791",24140,254,5,12
343,BuitenHof Tuinmeubelen | Weten dat het goed zit,"1,804,589",0,1,7,14
344,Proposal In Disney World With A Surprise Ending,"3,379,064",3034,149,3,7
345,–£–ø—Ä–∞–≤–ª—è—Ç—å –±–∏–∑–Ω–µ—Å–æ–º —É–¥–æ–±–Ω–æ –∏ –ø—Ä–æ—Å—Ç–æ! –ü–∞–∫–µ—Ç —É—Å–ª—É–≥ ‚Äú–õ–µ–≥–∫–∏–π —Å—Ç–∞—Ä—Ç‚Äù –æ—Ç –°–±–µ—Ä–±–∞–Ω–∫ –¥–ª—è –º–∞–ª–æ–≥–æ –±–∏–∑–Ω–µ—Å–∞.,"8,162,969",29,7,9,13
346,Im sorry?,"3,670,491",30180,171,10,12
347,The Metigy Command Centre promo,"1,040,965",27,22,7,13
348,porch hands,"788,325",1899,82,4,11
349,"Fripozo | Alrededor de una mesa se comparten un mont√≥n de cosas‚Ä¶y sin ella, tambi√©n.","2,067,244",38,26,6,13
350,Deep Eddy Vodka: Set the Stage,"4,000,769",2,0,3,13
351,"ILLENIUM, Jon Bellion - Good Things Fall Apart","10,358,663",169009,3138,7,14
352,SHP SHPT1005 Medicare Pre Roll Stanley 30   Unslated MP4,"1,281,721",0,0,7,14
353,"ILLENIUM, Jon Bellion - Good Things Fall Apart (Lyric Video)","3,474,334",108128,1292,7,14
354,URBAN LIFESTYLE - Iconix Energy Youtube Commercial,"1,698,423",7,4,13,14
355,A Breech In The System - trailer,"48,637,746",3343,2670,10,5
356,Woman harassed and hit by a man in the streets of Paris [Eng/Fr],"7,022,746",1638,760,10,13
357,WII,"1,634,684",8333,338,3,1
358,MUSTANG DRAG CAR @ WSID=1,"1,428,328",427,247,0,2
359,"faire grossir sa poitrine, ses seins how to make big tits boobs","2,271,592",2923,215,4,6
360,Best Robot Dance Ever - Icmeler 2010,"2,576,129",950,4503,3,5
361,Seleccion Argentina 2010 Waving Flag,"1,190,356",2026,65,13,4
362,Luciana Vendramini no F√≥rmula √önica,"2,900,719",365,171,3,1
363,H√∂vding krocktest,"2,394,252",1734,87,12,5
364,SHARK ATTACK - Don't touch the glass !!,"2,058,082",7435,1067,10,9
365,The Most Loving Cat In The World,"3,411,990",4751,74,10,10
366,Parks and Rec Come back joke,"2,482,309",20964,224,1,7
367,AIELLO - ORA (Official Video - Sanremo 2021),"1,132,390",23083,887,7,16
368,Êñ∞ÊôÇ‰ª£ („Ç¶„Çø from ONE PIECE FILM RED),"4,321,634",156105,0,7,17
369,Doechii - Anxiety (Visualizer),"40,116,402",1032825,0,7,20
370,üò≠,"101,094,612",3259676,0,3,20
371,JENNIE & Dominic Fike - Love Hangover (Official Video),"31,499,047",1719118,0,7,20
372,Rocket Blast Off #messingaround #flying #fun #brothers #playing #hangtime,"156,690,686",1868300,0,13,19
373,EVLƒ∞ MUTLU CISTAK,"1,024,855",5714,0,7,19
374,Are You Sharp Enough? with Darrelle Revis | PointsBet Sportsbook,"1,072,369",3,1,7,14
375,Mila Kunis Tells Off A Reporter In Fluent Russian,"3,324,459",23701,834,3,7
376,Golpes de padel,"982,730",382,40,7,2
377,Cocin√° a le√±a con Bosca,"1,140,657",4,0,3,14
378,Crayola lets kids go free to Sea Life,"1,041,896",7,3,2,14
379,Boomerang,"3,050,764",3939,290,1,0
380,Prehistoric shark captured on film,"12,466,431",11517,769,11,2
381,Kale's nail biting video 1,"1,123,520",253,735,10,12
382,Beijing Airpocalypse Arrival,"1,237,586",1923,438,10,12
383,I can feel it down in my plums....,"1,576,942",4498,153,1,4
384,Âè∞ÂåóÊï∏‰ΩçÂª£ÂëäÂ∏∂ÊÇ®ÊéåÊè°Á§æÁæ§Ë°åÈä∑,"3,875,011",31,34,7,9
385,Dance Precisions   Scream   Shout,"1,731,322",963,206,7,9
386,–ñ–∏–∑–Ω—å –ø–ª–∞—Å—Ç–∏–∫–æ–≤–æ–π –±—É—Ç—ã–ª–∫–∏,"2,061,290",2432,387,10,12
387,Man shot on camera by the police - Police brutality,"17,056,400",8834,4604,3,6
388,Elephant lucky from the jaws of crocodile,"2,730,336",1187,169,10,12
389,Best Western Sverige - 30 s - Med erbjudande,"1,009,282",7,1,7,16
390,EyePet Trailer,"1,227,844",1019,79,7,3
391,Mr Bean imitator 3 voor amusement - boekt u bij www.jbproductions.nl,"8,411,133",1194,1216,3,2
392,Flying nut high five,"7,852,043",62744,748,10,9
393,Ae Dil Hai Mushkil Cover Unwind -- Tabitha Chettupally,"5,081,915",5011,118,10,12
394,YouTubeÈÖç‰ø°Â∫ÉÂëä„ÄåÁ§æÂì°ÁôªÂ†¥Á∑®„Äç,"4,592,080",58,31,0,10
395,Carlsberg stunts with bikers in cinema,"22,426,928",50810,806,3,6
396,Panchlait - Teaser 2 | Prem Modi | Funtime Entertainment,"885,706",5835,217,4,12
397,tommy wiseau can't understand millennials,"3,320,857",28326,198,1,12
398,Maximus by Kerbedanz - the biggest known tourbillon for wristwatch,"1,263,651",10376,126,10,12
399,kitchen makeover fail,"3,975,191",1514,2231,10,7
400,FIA WEC 2018 Spa Francorchamps Crash #17 BR Engineering BR1-AER Eau Rouge,"1,586,550",1739,75,5,13
401,Explosion galaxy note7 in the burger king korea,"3,957,239",4330,2350,10,11
402,Phoenix - Lisztomania - Boston University Brat Pack Mashup,"3,824,693",15236,858,7,5
403,Carlos Alberto 1970 wondergoal,"1,512,563",1552,118,13,1
404,"Polident Super Sigillante - Spot TV 15""","3,502,797",2,0,7,16
405,Marea que se joda el viento,"1,574,564",1540,66,7,1
406,GTA San Andreas Car Mods,"1,407,396",975,134,3,2
407,The Red Solstice 2:Survivors - Price of failure,"7,812,856",197,10,5,14
408,"Just Eat - M√∏d L√™L√™, Grillen Burgerbar, Kebabish & Perbacco","9,619,541",8,16,3,13
409,Subaru Get More G's Ad 1,"9,149,607",4290,515,0,5
410,DBGT ssj4 Gogeta vs Omega Shenron,"1,135,406",605,55,4,3
411,2018 new jazz club songs - Bossa NIGHT -(dance remix),"2,379,886",2,0,7,6
412,VTEC SOUND,"1,439,814",2379,110,0,1
413,James Showing His Ben 10 Omintrix Watch Toy,"3,351,812",2,0,10,2
414,Comedian Hits on Hecklers Girlfriend,"5,260,834",6870,1032,1,2
415,Primer Ca√±o a Ronaldinho,"1,736,901",1861,306,13,2
416,"Ronaldinho,C.Ronaldo,Kaka","4,970,841",3199,257,13,5
417,REAL LIFE TRANSFORMER,"1,818,326",1989,284,10,2
418,FloRida - Right Round (VinylRockerz Remix),"3,334,348",3889,471,7,4
419,Disney songs (2),"2,141,164",1164,74,4,2
420,Alicia Keys How to Save A Life (the Fray Cover) Radio One Live Lounge,"974,519",1532,803,7,4
421,"Margot loves Brown Bear, Brown Bear. Baby laughing","3,320,366",1239,28,10,9
422,Strange creature freaks out plantation workers in Sarawak,"9,700,006",2478,2027,8,10
423,Polar bear petting dog,"8,058,364",24707,1821,3,11
424,Light Rain,"3,488,820",2995,60,3,4
425,JD Pantoja - 12‚Ä¢19 (Trailer),"2,144,710",317352,8155,7,15
426,"MS Inside Out: My name is Sean, and this is my story.","1,417,655",2,0,7,13
427,Funny commercials-21,"3,285,284",702,0,1,5
428,Aslay feat. Harmonize - Follow Me (Official Music Video),"1,397,658",44137,0,7,17
429,PRAN Peanut Bar | ‡¶∏‡ßç‡¶Æ‡¶æ‡¶∞‡ßç‡¶ü ‡¶ï‡¶ø‡¶õ‡ßÅ ‡¶ñ‡¶æ‡¶ì,"5,615,545",7,0,7,18
430,Coma_Cose - L'ADDIO (Official Video - Sanremo 2023),"3,672,887",41513,0,7,18
431,Oxlade - KU LO SA (Official Video),"6,005,457",134873,0,7,17
432,Classy 101,"11,170,714",157703,0,7,18
433,Carrabba's Italian Roots,"34,772,211",24,0,7,16
434,"Jay Wheeler, Anuel AA, Hades66 - Pacto (Remix) (Official Video) ft. Bryant Myers, Dei V","16,651,507",517095,0,7,18
435,"Gazo, Tiakola - NOTRE DAME (Visualizer)","1,551,825",27064,0,7,18
436,Eladio Carri√≥n - Cuevita (Live Session) | Vevo ctrl,"2,246,356",26765,0,7,18
437,„ÄêRENOSYÔºà„É™„Éé„Ç∑„ÉºÔºâ„ÄëÁ¢∫Â∫¶„ÅÆÈ´ò„ÅÑ‰∏çÂãïÁî£ÊäïË≥á_15Áßí,"15,489,613",19,0,7,18
438,–ú–æ–∂–Ω–æ —è —Å —Ç–æ–±–æ–π (can i come with you),"2,218,610",92278,0,7,19
439,Laf 2.0,"1,068,698",11495,0,7,19
440,ƒ∞htimallerde Yoksan,"2,028,211",10812,0,7,19
441,UWAIE,"6,903,203",45620,0,7,20
442,"Papa V, Nerissima Serpe, Fritu -‚Å† Wop Wop feat. Shiva (Audio)","914,168",14506,0,7,20
443,Me And The Devil (SLOWED + ECO),"1,593,787",18204,0,7,20
444,Í∑∏ÎûòÏÑú Í∑∏ÎåÄÎäî,"1,830,212",7770,0,7,19
445,Bi Polar (SAYGI1),"885,313",12792,0,7,19
446,Ysrael Barajas - GPI 2 (Video Oficial),"983,919",20719,0,7,19
447,Sobran Motivos,"1,574,149",13731,0,7,19
448,RickRoll'D,"78,178,105",318037,44953,7,2
449,My dad flew into town to surprise his parents.,"888,893",8190,113,10,11
450,Fat Bike caught on an Electric Fence!,"3,580,228",13803,406,10,12
451,Girl falls off stage while getting proposed to at dallas music festival ORIGINAL (part 1),"322,489",887,239,10,12
452,Cantona VS Supporter,"3,694,102",5186,465,13,6
453,„Éë„É≥„ÉÑ„Å†„Åë„Å™„ÅÆ„ÅØÊ≠£Â∏∏„Åß„Åô,"5,498,422",561,234,6,3
454,Real Exorcism of Anneliese Michel,"38,507,859",2,0,10,2
455,Â©öÂâçË©¶ÊÑõ 2010Âπ¥12Êúà23Êó• ÈõªÂΩ±Âª£Âëä,"48,695,613",2444,2753,4,5
456,Toys.ee - BABY born¬Æ nukk,"18,423,437",2431,1853,3,3
457,"Rihanna ""Cry""","32,695,896",47735,1456,7,2
458,Funny Football,"37,544,668",37127,2904,1,1
459,Ministry of Silly Walks,"9,558,072",39783,1251,1,1
460,burp helium (so funny),"12,552,948",81470,2073,10,9
461,the fast and the furious music,"4,043,321",1617,581,7,4
462,Driving on Water,"1,208,750",392,15,0,2
463,Kelly Clarkson - Stronger (lyrics + deutsche √úbersetzung),"2,264,728",4545,126,7,7
464,John Cena - My Time Is Now,"38,332,239",52593,5494,7,2
465,Ken Lee or Without you by Mariah Carey (ENGLISH SUBTITLES),"18,308,842",28127,1491,3,3
466,BallsCrash,"280,745,872",64224,21652,1,4
467,Sister Act 2 - Oh Happy Day,"37,730,464",87538,1589,7,1
468,Of Monsters And Men - Love Love Love,"3,474,904",16311,170,7,5
469,Early Voting Options 2 (16x9 - 30 seconds) | Elections Canada,"2,358,658",0,0,7,16
470,Red Suit || Official HD Video || Latest Punjabi Songs || RK Ramme,"1,080,296",2237,61,7,12
471,Die W√ºrttembergische - Passt-sich-an-Prinzip Umzug,"1,867,469",4,1,7,14
472,Discover the way banking should be - Regional (10 sec),"1,743,437",0,0,7,11
473,"–ë–∞–ª–∞–∫–ª–µ—è, –•–∞—Ä—å–∫–æ–≤, –º–æ–º–µ–Ω—Ç –¥–µ—Ç–æ–Ω–∞—Ü–∏–∏","1,941,205",4907,197,10,12
474,Opening a 9-year old Easter egg,"2,807,049",3455,1006,10,12
475,Knight and Day - Trailer 3,"1,530,779",1098,66,3,5
476,THE #TWOFINGERSOFWILDNESS EVENT,"1,320,219",2,0,10,10
477,Loch Ness Monster Sighting 7th May 2017 About 9am,"1,894,110",447,985,14,12
478,Najlepszego Polsko!,"1,465,545",85,44,7,13
479,ITS ALL IN THERE REMIX,"2,081,718",3024,52,7,12
480,"Denver morning news show tries Carolina Reaper #OneChipChallenge, goes badly","896,464",2,0,1,12
481,David Nalbandian angrily kicks Linesman in Queens Final [17/6/12] - BBC One (ORIGINAL VIDEO),"4,758,192",2286,991,3,7
482,I was in a wedding and smashed my face,"1,596,447",6001,176,10,12
483,Fox News idiocy.,"1,227,176",5383,457,8,12
484,Bike Race Free - Racing Game - Lots of NEW CONTENT,"26,882,229",3145,1435,5,11
485,9-30-2017 Marilyn Manson Hammerstein Ballroom prop/stage collapse,"1,315,977",799,221,10,12
486,"This is a dollar, not a card","1,144,211",6389,132,10,12
487,Fedez - Prima di ogni cosa (Official Video),"4,833,788",202477,7131,7,13
488,Meet Will,"3,121,597",40432,313,1,13
489,Mad Mike Hughes (RUFF) blasts off 03-24-18,"1,083,036",2,0,12,13
490,Zebet - Comment avoir la cote ? Avec le DOUBLE BONUS !,"1,903,815",0,1,7,14
491,Antibiyotik Mevsimi Geldi!,"14,941,185",3,2,7,14
492,Earn & Redeem PAYBACK Points on Shopping ‚Äì Big Bazaar,"20,096,070",47,11,7,15
493,Accidente en lineas  de alta tension,"809,389",161,30,2,3
494,Insano - The biggest waterslide of the world - Brazil - Cear√° - Fortaleza,"2,429,774",743,218,1,4
495,Air Crashes & Accidents,"4,668,120",562,1486,0,4
496,Dashcam BMW crash,"5,666,551",14735,1208,10,11
497,Lamborghini Reventon vs. Tornado,"9,550,473",8190,873,0,3
498,Carnival Magic Cruise ship nearly runs over jet skiers,"1,701,340",2062,328,9,12
499,Audi RS6 5.0 V10 TFSI Beschleunigung 0-351km/h www.kubatech.de,"4,546,880",2408,272,0,4
500,Subway¬Æ | Richtig lecker. Richtig g√ºnstig. | TV Spot,"10,537,317",33,17,3,15
501,8 Rules of Fight Club Trailer,"1,352,408",2752,97,3,1
502,The Muppets Electrical Nose Warmer,"944,461",1267,41,1,2
503,Kid singing Britney Spears scared to death by his mom,"11,940,134",39480,2324,1,2
504,Waving Flag - Cancion del Mundial Sudafrica 2010 - K'naan y David Bisbal.flv,"1,694,185",2000,46,13,5
505,Kingdom Hearts: Birth By Sleep (PSP) trailer [High Quality],"4,245,757",14725,346,3,2
506,King Kuduro - Il faut danser,"4,816,624",3361,181,7,4
507,GTA San Andreas Tuning Mod,"1,532,108",647,91,5,4
508,È≠ö„ÇíÁîü„Åã„Åó„Å¶„ÅÑ„Åü„Çâ„ÄÅ„Åæ„Åï„Åã„ÅÆÊÉ®‰∫ãÔºÅÔºÅ,"2,306,190",106,300,13,4
509,pool trickshots in the news,"1,216,090",694,84,13,2
510,UFO-Doctor Doctor,"1,142,679",4305,55,7,3
511,Bull Moose Charges Truck,"3,775,980",5080,6017,11,4
512,Vai ser Burra assim la longe,"3,458,731",1897,381,1,3
513,My Diablo 3 Inferno Tactic,"2,362,860",22368,787,5,7
514,Selena Gomez Come And Get It Live Performance SINGING LIKE AN ANGEL !,"5,943,702",7132,2859,7,4
515,Simona Halep Q Match1_2 Paris Indoors 2009,"5,529,798",2561,132,13,4
516,Glentoran 1-0 Portadown BURROWS GOAL,"5,400,744",2,0,13,5
517,singing hippopotamus,"6,380,182",3440,399,1,0
518,"Marcela Gandara ""Antes de Ti""","1,803,120",572,41,7,1
519,Derrick Barry (Britney Spears) - America's Got Talent,"5,370,442",12906,757,3,3
520,10/21 ËãóÊ†ó‰∏≠Ê≠£ÁõÉÔºçËê¨ËÉΩÁßëÂ§ßÁêÉÂì°ÊîªÊìä‰∏≠Â§ÆÂ§ßÂ≠∏ÁêÉÂì°,"635,395",137,763,10,11
521,Cleveland and Chicago Unite to Defeat Trump - TrumpTraders.org,"1,155,708",21,62,8,11
522,2016 MAMA ÁéãÂ§ßÈô∏ Â§ßÂπ≥Âè∞,"1,735,464",2708,4760,10,11
523,Rabbit Vs Snake.  Momma Rabbit save babies - Original Video,"24,914,138",21753,1239,11,10
524,Yakult One And Only - English,"34,686,085",391,179,14,12
525,Heaven - DJ Sammy Remix,"11,370,933",21100,0,7,1
526,Club 4 Paws Selection ‚Äî –õ—é–±–æ–≤ –∑–∞–≤–∂–¥–∏ –≤—á–∞—Å–Ω–æ,"8,058,118",210,0,7,17
527,Prohibidox,"7,149,556",109633,0,7,17
528,Seen,"1,212,699",8362,0,7,18
529,Aslay - Inauma (Official Music Video),"1,606,569",34829,0,7,18
530,"OnPoint Community Credit Union | ""Community"" Commercial","3,798,286",22,0,7,15
531,Tiryakinim,"6,332,540",64248,0,7,19
532,"Gazo, Tiakola - CARTIER (Visualizer)","1,366,275",34494,0,7,18
533,Bƒ±raktƒ±ƒüƒ±n Gibi Burdayƒ±m,"1,291,926",10366,0,7,19
534,¬øNudo por estr√©s?,"58,296,785",19,0,7,17
535,Isadora Pompeo - Tetelestai (Ao Vivo) ft. Carol Tauber,"1,205,733",34861,0,7,19
536,Bƒ±raktƒ±ƒüƒ±n Gibi Burdayƒ±m,"1,889,571",13340,0,7,19
537,Trueno - RAIN III (Visualizer),"2,157,197",129977,0,7,19
538,Eden Mu√±oz - Traigo Saldo y Ganas de Rogar,"1,077,182",18109,0,7,19
539,A kind-hearted elderly person rescued an injured peacock.#animals #wildliferescue #rescueefforts,"146,925,966",1616667,0,10,20
540,Drawing the pillar of lifeü•∂üóø#trollface #trollfaceedit #troll,"133,062,446",3173002,0,10,20
541,El General Panter B,"749,036",6820,0,7,20
542,JENNIE - like JENNIE (Official Video),"60,535,069",2515187,0,7,20
543,Ysrael Barajas - Pl√°tica Con Cupido (Cover Audio),"2,139,232",29151,0,7,20
544,PUN - BF (feat. URBOYTJ),"1,588,998",39090,0,7,19
545,"SEVDALIZA - ALIBI | Live From Vevo Studios ft. PABLLO VITTAR, YSEULT","5,368,532",223418,0,7,19
546,Squid Game - Round and Round Mingle (Marimba Ringtone),"4,822,670",74581,0,7,19
547,¬°Que Te Pasa!,"1,668,686",24060,0,7,19
548,JADE - Angel Of My Dreams (Official Video),"5,396,154",214969,0,7,19
549,your pet‚Äôs perfect moment ü§≠ #petportrait #funnypets #perlover #petpainting #fyp #petparent #petart,"117,001,584",860277,0,10,20
550,Ben Kalbimin Orta Yerine Seni Yazdƒ±m,"765,423",4561,0,7,19
551,Rauw Alejandro - Touching The Sky (Official Video),"3,139,901",109406,0,7,19
552,–ß–∞–π LOVARE. –í—ñ–¥—á—É–π –∫—Ä–∞—Å—É!,"9,822,893",42,0,7,16
553,The HVAC Whisperers,"2,441,730",5,4,7,14
554,Unlikely couple: Liaison between a Sika deer and a Japanese snow monkey,"3,126,743",1009,474,11,12
555,Jeopardy: What is a threesome?,"2,838,751",7651,126,1,6
556,„Äê15 ÂàÜÈêòË≤∏ÈñÉÂà∞Êâã„ÄëÂ§ßÊñ∞‰∫§Á®Ö„ÄåÂø´ÊáâÈå¢„Äç,"2,375,682",15,4,7,14
557,"Spinal Tap - ""These go to eleven....""","1,880,022",10651,160,1,6
558,"Assault on Most Reverend Manuel A. Cruz, Auxiliary Bishop of the Archdiocese of Newark","1,301,276",1317,530,4,12
559,√Ñlg i vak,"2,104,408",8941,147,11,12
560,LA CINTURA MAS DELGADA DEL MUNDO,"54,003,557",15233,10100,3,2
561,David Hasselhoff - Hooked on a Feeling,"13,848,813",42810,4411,7,1
562,Wooden spoon trick - Sleifaratri√∞i√∞,"5,644,916",10964,416,3,5
563,QURAN,"437,840",30,218,10,12
564,"Familiada - Imiƒô mƒôskie na literƒô O. (Oliwier, Oliwia)","969,271",4668,204,10,12
565,Elephant Multi Car Discount,"3,102,746",0,2,7,14
566,Ryan Gosling - Epic Old Dancing Videos 1992,"1,694,235",6734,210,10,10
567,Ronaldinho truco incre√≠ble 2011,"21,752,141",7507,1779,13,6
568,Ovechkin fight vs Columbus,"908,626",4112,376,3,12
569,Spider-man - Double Track - Fan Film [2007],"30,976,762",9263,4457,4,2
570,Mr.President- Coco jumbo,"8,029,186",13431,522,10,2
571,Metallica-Fade To Black,"35,496,234",88736,2442,7,1
572,Phun Car,"7,045,249",1006,1151,12,4
573,Super platano brothers,"1,595,388",14720,344,1,12
574,Red Dawn Trailer,"3,964,762",1323,222,3,7
575,My Name Is - Eminem (Backwards Message),"3,541,035",5004,575,7,1
576,Ê¥•Ê≥¢„ÄÄTSUNAMI - Earthquake (3/11)„ÄÄ20110411,"6,683,001",2295,345,1,6
577,Teijin Aramid | Be sure with aramids in automotive,"2,783,994",3,0,12,15
578,The last thing my Nest cam saw...,"1,103,324",2863,3111,1,12
579,–ù–∞—Ü–∏–æ–Ω–∞–ª–∏—Å—Ç—ã –Ω–∞ –º–∏—Ç–∏–Ω–≥–µ 12 –∏—é–Ω—è. –†–∞—Å—Å–ª–µ–¥–æ–≤–∞–Ω–∏–µ Je Suis Maidan,"1,220,251",1393,2469,10,12
580,2017 04 12 Przejscie,"1,098,005",7520,422,10,12
581,ALDO LE CHEF COCHON KARAOKE,"4,875,239",2746,652,7,6
582,"KAMILLA - –ù–µ—Ç –ª—é–±–≤–∏ (–ü—Ä–µ–º—å–µ—Ä–∞ –∫–ª–∏–ø–∞, 2017)","1,260,133",3393,1468,10,12
583,Announcing Fyre Festival,"3,293,365",1563,12051,10,12
584,Ê∞¥ÊóèÈ§®Â§ßÈ≠öÁ™ÅÁÑ∂Ê≠ª‰∫° Sudden death of a fish in Okinawa aquarium,"1,194,632",1207,738,10,8
585,Jean-Claude Juncker drunk and bitch slaps leaders,"2,668,268",5378,576,10,10
586,Maddie Waiting for the Beat to Drop,"9,868,674",68446,2692,10,12
587,"Rado≈õƒá w prezencie, czyli CEWE FOTOKSIƒÑ≈ªKA Majewskich","3,006,030",8,1,7,13
588,Black bear charge(attack) fire river ontario spring 2017,"5,002,420",7240,1243,10,12
589,"Silverado 500,000 mile celebration","836,184",11538,283,10,12
590,Android Lost intro,"1,552,477",321,93,10,10
591,Chroma Key test,"7,527,125",41698,1547,3,5
592,Grandpa Break Dancing Battle,"1,274,520",1207,78,10,9
593,–≠—Ç–æ —à–æ–∫..–≤–æ—Ç —Ç–∞–∫ —Ä—É—Å—Å–∫–∏–µ –∞–∫—Ç–µ—Ä—ã –ø–æ–¥—Ä–∞–±–∞—Ç—ã–≤–∞—é—Ç –≤ –Ω–æ—á–Ω—É—é —Å–º–µ–Ω—É..,"769,783",715,10522,10,12
594,New Champ Kayn/Rhaast Leak for LOL (Moobeat credit me you derro),"847,249",1857,173,10,12
595,–†–µ–≤–æ–ª—é—Ü–∏—è –Ω–∞ –î–≤–æ—Ä—Ü–æ–≤–æ–º :)),"711,353",1222,3832,3,12
596,John Michael Montgomery-Letters From Home,"1,998,307",2600,595,7,4
597,Fedez - PRIMA DI OGNI COSA (Teaser),"885,149",29689,2992,7,13
598,You can't even text and walk,"1,154,376",10616,496,10,12
599,#Despacito with snoring - Despacito con ronquidos,"2,812,994",18051,762,10,12
600,Coconut tree fall on woman 'Kanchan Rajatnath',"1,568,903",489,200,10,12
601,Plan Novo - Brackets,"3,640,958",4,0,7,14
602,Artifact new game announcement from Valve crowd reaction,"1,301,165",17084,1900,7,12
603,Innovate the Industry by Burrow,"2,298,709",13,4,7,13
604,Brian Ambrosini - AMC Gremlin - Wheelie Competition - Winner!,"15,505,994",5350,280,0,1
605,El Connecto,"3,583,270",41735,485,10,13
606,Dennis Lloyd - Never Go Back (Official Video),"720,437",26772,274,7,14
607,G√∂nder Gelsin!,"5,634,653",1268,191,7,16
608,"Begun, the Duck War has","3,586,169",51443,300,3,12
609,Party Boy Corey Worthington and his Famous Sunglasses,"896,419",7060,152,8,3
610,ËÅØÈÇ¶ÈäÄË°å2018ÂìÅÁâåÂΩ¢Ë±°Âª£Âëä-Áõ∏‰ø°‚ÄßÂ∏åÊúõ (60ÁßíÂÆåÊï¥Áâà),"5,842,728",299,76,10,13
611,Cat doesn't like Trump,"1,200,385",4548,198,10,11
612,"◊ë◊§◊†◊ò◊ü ◊ò◊ô◊§◊ï◊™ ◊¢◊ô◊†◊ô◊ô◊ù, ◊¢◊õ◊©◊ô◊ï ◊ë◊ê◊®◊ô◊ñ◊™ ◊ë◊ß◊ë◊ï◊ß ◊ó◊ì◊©◊î! ◊ú◊©◊ô◊§◊ï◊® ◊î◊ú◊ó◊ï◊™ ◊ï◊ú◊î◊ß◊ú◊î ◊ï◊ò◊ô◊§◊ï◊ú ◊ë◊¢◊ô◊†◊ô◊ô◊ù ◊ô◊ë◊©◊ï◊™","1,606,955",2,0,7,14
613,Jessie J 'Domino' [HIT SINGLE] Official Lyric Video + Single Cover (Full Song),"14,378,553",29600,779,7,6
614,Bassem Rashidi - Rabbi Salli | Send Blessings ( ÿ®ÿßÿ≥ŸÖ ÿ±ÿ¥ŸäÿØŸä - ( ÿ±ÿ®Ÿä ÿµŸéŸÑŸêŸë,"1,047,281",1172,5,7,11
615,Bjergsen Mom Appear in bikini during stream,"2,166,792",2993,174,5,11
616,V'OLGA - –õ–û–í–ò–õ–ê,"1,136,235",2735,756,10,12
617,Amtrak F40PH and Amfleet Cars Video 1,"1,212,253",128,60,0,2
618,expo mouland,"1,060,048",276,73,0,3
619,Poligrip Max Seal - The Big Game,"3,714,231",5,7,10,13
620,Motorcycle Accident,"2,581,137",977,812,0,4
621,Red Remover Walkthrough 21-45 on PAR,"10,288,090",2194,643,5,4
622,David Tavar√© - Hot Summer Night (Oh la la la),"1,337,402",1893,74,7,3
623,Me prende!! megusta sentir tu cuerpo!!,"861,153",305,57,7,6
624,Amazing Japanese Fake Pool,"44,730,824",68934,3827,10,2
625,How To Train Your Dragon 2 and Cartoon Series Information [Read Description],"1,597,739",2,0,3,6
626,Bob Sapp vs. Kimo UFC-K1 fight,"1,223,675",1022,148,13,3
627,–°–¢–û–ü –•–ê–ú. –≤–æ–¥–∏–ª–∞ –• 5 –±—É—Ä–∏—Ç –ø–æ –ø–æ–ª–Ω–æ–π,"2,595,029",4452,570,0,6
628,4 year old section Juan and Edgar,"1,006,860",680,615,3,1
629,Dj Akman KLibi www.xwebtasarim.com,"1,069,153",341,32,7,1
630,KAJOL IN YEH DIL LAGI,"73,698,562",6092,4683,3,4
631,"Oda a ""The britains got talent"" (subtitulado).","2,125,187",2542,180,10,7
632,Gta san andreas Drift 2,"1,613,818",929,692,3,2
633,train stuck in snow,"1,463,580",834,96,8,5
634,Sims 2 - Everyday,"877,651",592,76,4,2
635,Lee Sin's great escape [Fixed!],"1,610,253",9278,152,5,7
636,The Black Dahlia movie trailer,"820,548",996,56,3,1
637,mike mo 12 yrs old,"899,520",2384,189,13,3
638,"Gregory lemarchal, sos d'un terrien en detresse","1,538,856",1263,37,7,1
639,Ford Mustang Launch (street),"1,001,605",2214,27,0,3
640,ANAHI (rebelde) bailando LAS DIVINAS (remix),"9,347,451",2426,1565,3,4
641,Billie Jean (Live),"1,240,220",3198,67,3,1
642,"Fedezd fel! 3D s√©ta √°ruh√°zunkban | m√∂max, trendben otthon","1,128,947",0,0,7,14
643,–ü—Ç–∏—Ü –∑–∞—Å–∞—Å—ã–≤–∞–µ—Ç –≤–º–µ—Å—Ç–µ —Å –∑–µ—Ä–Ω–æ–º –Ω–∞ —Ö–ª–µ–±–æ–∑–∞–≤–æ–¥–µ,"3,120,409",21206,2663,10,11
644,paulista,"940,489",471,1155,10,11
645,The Big Fat Quiz Of The 90s   Mr Blobby,"951,835",7347,121,10,9
646,"Fasma, GG - Parlami (Official Video - Sanremo 2021)","757,718",25704,243,7,16
647,Naruto - Konoha's Hokage,"1,054,505",1137,0,3,3
648,"DacƒÉ n-ai bani (feat. Beach, Please!)","1,015,509",9689,0,7,17
649,Chema Rivas - LA ROJA (CANCI√ìN MUNDIAL) (Video Oficial),"726,826",39271,0,7,17
650,Elizabeth Banks Introduces The Snake Rewards Program,"1,019,641",39,0,7,17
651,"X-MEN FOR BOSS LEGEND ‚Äì H∆Ø∆†NG GI√ì BI·ªÇN THANH M√ÅT, KH·ª¨ M√ôI & KH√î THO√ÅNG","19,956,533",25,0,7,17
652,"Senseo, votre d√©licieux caf√© certifi√©* Rainforest Alliance !","3,023,958",0,0,7,18
653,WOO! BoomBoom Nasal Inhalers on Shark Tank [Recap],"16,762,388",6093,0,7,14
654,"GloRilla, Cardi B - Tomorrow 2 (Official Music Video)","31,909,765",638566,0,7,17
655,No_se_ve.mp3,"3,085,869",45677,0,7,18
656,First American Home Warranty Commercial,"3,137,485",83,0,7,15
657,"UMI, V - wherever u r (ft. V of BTS) official lyric video","4,273,176",521085,0,7,18
658,ORIGAMI ALL'ALBA - CLARA,"2,030,824",26233,0,7,18
659,Gazo - 100K (Visualizer),"1,167,599",32821,0,7,18
660,"–ü–µ–ª—å–º–µ–Ω—ñ ""–õ–µ–≤–∞–¥–∞"". –ü–æ–≤–Ω–∏–π —Ñ–∞—Ä—à. 20 —Å–µ–∫.","3,355,479",36,0,7,16
661,"–ú–ª–∏–Ω—Ü—ñ ""–õ–µ–≤–∞–¥–∞"". –ù–∞ –ø–æ–≥–æ—Ç–æ–≤—ñ! 20 —Å–µ–∫.","3,464,450",16,0,7,16
662,Get your biggest tax refund guaranteed. Always free federal and $14.99 state filing.,"13,870,467",31,0,7,16
663,2BACONIL | INDIA'S 1ST NICOTINE TRANSDERMAL PATCH TO QUIT SMOKING | SMART WAY TO QUIT SMOKING,"5,092,957",115,0,7,12
664,Darell - Lollipop (Official Video),"47,154,379",381348,0,7,18
665,"Libresse¬Æ Pads - Padanan Selesa, Serapan Sempurna","33,353,387",14,0,7,17
666,Sofia Castro - Te Juro No Te Miento (Official Video),"2,581,581",135813,0,7,19
667,"Luck Ra, Tiago PZK - FUE CULPA TUYA","2,700,431",50507,0,7,20
668,Please save the babyüò≠,"76,133,774",2746942,0,10,20
669,FUNNIEST EXPLODING BASKETBALL MOMENTS üèÄüí•,"67,630,800",1901288,0,10,20
670,Passo Bem Solto (Ultra Slowed),"4,678,071",57629,0,7,20
671,injection with green tamatos,"81,323,847",189564,0,2,20
672,Best Perspectives of @jordikoalitic ‚ò†Ô∏è..,"141,469,074",2296129,0,3,20
673,AI-Generated: Learn the Importance of Road Safety (Part 1) #aivideo,"69,350,734",307889,0,10,20
674,ÂÅΩÁâ©ÂÅΩÁâ©ÂÅΩÁâ©ÂÅΩÁâ©ÂÅΩÁâ©ÂÅΩÁâ©ÂÅΩÁâ©ÂÅΩÁâ©ÂÅΩÁâ©ÂÅΩÁâ©ÂÅΩÁâ©ÂÅΩÁâ©ÂÅΩÁâ©ÂÅΩÁâ©ÂÅΩÁâ©ÂÅΩÁâ©ÂÅΩÁâ©ÂÅΩÁâ©ÂÅΩÁâ©ÂÅΩÁâ©ÂÅΩÁâ©ÂÅΩÁâ©ÂÅΩÁâ©ÂÅΩÁâ©ÂÅΩÁâ©ÂÅΩÁâ©ÂÅΩÁâ©ÂÅΩÁâ©ÂÅΩÁâ©ÂÅΩÁâ©ÂÅΩÁâ©ÂÅΩÁâ©ÂÅΩÁâ©ÂÅΩÁâ©ÂÅΩÁâ©ÂÅΩÁâ©ÂÅΩÁâ©ÂÅΩÁâ©ÂÅΩÁâ©ÂÅΩÁâ©ÂÅΩÁâ©ÂÅΩÁâ©ÂÅΩÁâ©ÂÅΩÁâ©ÂÅΩÁâ©ÂÅΩÁâ©ÂÅΩÁâ©ÂÅΩÁâ©ÂÅΩÁâ©ÂÅΩÁâ©,"685,189",30320,0,7,19
675,Ke≈üke,"8,730,489",128682,0,7,20
676,Amigos y Enemigos Almighty,"1,099,456",8224,0,7,19
677,Ne Aƒülarsƒ±n Benim Z√ºlf√º Siyahƒ±m (feat. Celo),"676,986",1780,0,7,20
678,"Moncho Chavea, Oscar El Ruso, Samueliyo Baby, Samuel G - PAM PAM","1,590,709",13425,0,7,19
679,If You Ask Me What Love Is,"6,299,705",34472,0,7,19
680,"JENNIE, Doechii - ExtraL (Official Video)","38,076,762",1924672,0,7,20
681,Struggling with a new Phone,"1,451,235",16223,634,3,12
682,Big Bang Theory - Why Sheldon does not celebrate christmas,"1,684,744",4911,135,1,5
683,Saugella 4Ever,"1,159,214",0,0,7,15
684,–º–µ—Ç–µ–æ—Ä–∏—Ç –•–∞–∫–∞—Å–∏—è 06 12 2016,"1,344,770",8338,351,0,11
685,Rocky Balmoto,"2,218,572",10869,1626,10,11
686,Charlie vs Swayze,"2,740,111",5818,289,10,9
687,Dave Chappelle on Martin Lawrence and Hollywood Culture,"1,135,513",6993,85,10,9
688,PANEK subskrypcja,"2,048,773",20,2,7,14
689,La lozione anticaduta TRINOV √® finalmente in farmacia,"2,023,816",42,37,7,13
690,Don't Try This At Home,"1,282,361",180,66,10,11
691,BBC Weatherman Caught Giving Middle Finger on Stage,"510,985",3000,156,8,5
692,Lina Hinestroza es una muestra de lo que somos | Synlab,"825,829",6,1,7,14
693,Irie Maffia: Hands In The Air,"1,944,899",5590,107,7,3
694,Pirate War: Age of Strike (Playwar Strategy Game official video),"999,009",152,70,10,12
695,Man streaming paid main event fight on facebook caught by foxtel,"874,365",2262,494,10,12
696,MMA Fighter KO's Ring Card Girl,"1,163,800",78,257,1,11
697,Amazing dog saves another dog by Rafael Franciulli perro rescata otro perro,"1,623,506",2602,528,7,12
698,Sound of Music | Central Station Antwerp (Belgium),"32,829,385",67866,1405,3,4
699,Cute Golden retriever rescuing her teddy bear,"2,789,609",12852,427,10,8
700,"A Leopard Hunting A Wild Boar -  Yala National Park, Sri Lanka - A WalkWithJith tour","12,939,960",2304,4304,14,6
701,Collateral - Tactical Draw Hip Shot [HD],"1,012,866",2735,122,3,7
702,2009 2010 car crashed - MUSIC SUCKS,"1,312,023",942,484,0,4
703,Autos Waschen f√ºr Kinder - Android Spiel von Google Play,"743,942",85,54,2,12
704,"50Îßå Ïú†ÌäúÎ≤Ñ Ïó†ÏïåÏù¥ Ïù∏Ï†ïÌïú ÏïÑÏø†ÏïÑÌîΩ Íµ¨Í∞ïÏÑ∏Ï†ïÍ∏∞, ÏïÑÏßÅÎèÑ ÏïàÏì∞ÏÑ∏Ïöî?!","995,595",8,26,7,14
705,–ú–∞—Å—à—Ç–∞–±–Ω–∞—è –¥—Ä–∞–∫–∞ –Ω–∞ –º–∞—Ç—á–µ –ë–∞—Ä—Å–µ–ª–æ–Ω–∞ - –†–µ–∞–ª.mp4,"651,436",331,80,13,6
706,hipnotize,"9,248,421",7999,1268,6,2
707,Fake lenovo subwoofer,"896,059",2624,93,1,8
708,–∞—Ö–∞—Ö*,"48,947,998",9522,9893,10,5
709,–ü–æ–¥–±–æ—Ä–∫–∞ –Ω–µ–≤–µ—Ä–æ—è—Ç–Ω—ã—Ö —É–¥–∞—á 3,"10,235,025",20874,1453,10,6
710,Andrea Dellacasa  Sacandose ropa interior - Asi Somos [completo],"62,614,185",6877,7171,3,5
711,In Flames - Trigger,"8,393,871",30145,709,7,1
712,1 Guy KOs 7 Guys,"3,492,694",4014,2081,13,6
713,It happens only in India !!!,"3,102,872",10975,195,3,6
714,Rubi de #LosXvdeRubi abucheada en los Premios MTV Miaw 2017,"601,433",2164,524,10,12
715,real transformers,"957,498",411,182,4,2
716,Plaza English,"710,850",40,6,4,10
717,EKV - Krug (spot),"2,819,880",6306,141,7,4
718,Food defender! Puppy vs ducks.,"1,628,501",2798,123,3,6
719,Fisher Price Laugh & Learn Fun With Friends Musical Table,"54,091,018",8602,10707,5,4
720,"Hups Baby Club, Slovakia","18,376,221",12785,1726,10,4
721,Hans Zimmer - Black Hawk Down (Main Theme),"18,846,951",57057,1006,4,3
722,Cat pushes dog into swimming pool,"682,941",1811,186,1,10
723,All Football Intro,"1,984,750",197,106,10,12
724,"‚òÉ Kid get's smacked by city plow driver ‚ùÑÔ∏è Belleville, Ontario","1,257,621",6113,2075,9,11
725,Barbara Weldens - Du pain pour les r√©veille-matin,"1,509,526",1070,114,10,10
726,Gruzi - Don't let me down,"1,089,084",4492,91,7,12
727,„Äê100‰∏áÂÜçÁîüÂõûÊï∞ÈÅîÊàê„Äë‚òÖÂ§ßÈò™‰∫∫Ê∞ó„Éä„É≥„Éê„Éº„ÉØ„É≥„ÅÆ„Ç®„Çπ„ÉÜ„Çµ„É≠„É≥‚òÖ1ÂàÜÈñì„Éù„É≥„Éù„É≥„Åô„Çã„Å†„Åë„ÅßÁ©∂Ê•µ„É™„Éï„Éà„Ç¢„ÉÉ„Éó,"1,017,738",3326,2277,10,12
728,Scuba instructor pulls kitchen knife out of shark's head in Cayman,"2,083,069",1962,175,10,12
729,Flying Phoenix Tattoo ORIGINAL VIDEO!,"2,109,447",823,45,4,12
730,"Coldplay covers Linkin Park's ""Crawling""","1,034,276",5518,468,7,12
731,AND1 STREETBALL [Knock On Wood],"868,433",1081,47,13,2
732,–ò –∫–∞–∫ —ç—Ç–æ –Ω–∞–∑—ã–≤–∞–µ—Ç—Å—è?,"545,044",1706,3138,10,11
733,Intrepid Fallen Heroes Fund,"715,609",32,6,7,12
734,Messi  loses tooth,"672,977",888,1455,10,12
735,LOTR cast make fun of Orlando Bloom,"2,756,627",12934,195,4,6
736,Baby argues with Dog,"2,594,516",3122,307,1,9
737,Brother just sent me this,"622,782",8883,348,3,12
738,150 Car Pile-Up on Michigan Highway I-94,"3,658,799",4636,508,10,10
739,ARTH 2 Theatrical Trailer | Arth The Destination Official Trailer 2017,"1,342,169",8347,14,3,12
740,Dany Boon rend hommage √† sa maman et Johnny Hallyday,"1,125,194",2,0,8,12
741,Doce Novembro - Creed - With Arms Wide Open,"2,389,729",2464,56,7,2
742,◊û◊î◊§◊õ◊™ ◊î◊í◊í◊ï◊™ ◊î◊°◊ï◊ú◊ê◊®◊ô◊ô◊ù ◊ô◊ï◊¶◊ê◊™ ◊ú◊ì◊®◊ö!,"980,441",5,1,7,14
743,Evie's first sip of Coke,"2,098,844",9508,1647,10,12
744,Ottawa cyclist struck by car!,"1,379,955",5540,262,10,12
745,Dog Saves Deer... Good Boy Storm,"1,591,632",5595,207,2,12
746,50 Cent: Blood on the Sand Trailer,"2,786,159",3261,515,3,3
747,Audi used car commercial in China. Full of sex discrimination,"818,670",558,1476,10,12
748,McDonald's drive thru,"726,293",9536,207,10,11
749,This ain't my phone...,"2,049,699",1565,255,7,12
750,Happy Birthday Cody,"734,558",7194,191,3,6
751,Nuovaluce Beauty Acne Device Kickstarter Video FDA Cleared www.nuovalucebeauty.com,"498,941",4783,182,10,12
752,Piccola - Piccola (Official Fan Video),"1,650,882",4499,189,7,12
753,„Ç¶„Éû„Ç¶„Éû„Éè„É´„Éí,"853,961",627,207,4,3
754,(THE ORIGINAL FIRST VIDEO) Hidden inappropriate drawing in Maya the Bee!,"661,841",1657,420,10,12
755,Parks and Recreation called it back in 2015. Cubs World Series 2016!,"205,257",1557,113,14,11
756,Tom Waits - Falling Down,"858,697",1980,48,7,3
757,Keep Well Keeping Active,"1,883,570",2,3,7,16
758,How Do I Straighten My Teeth? See An Orthodontist,"30,153,971",387,244,7,12
759,Corona - #ThisIsLiving,"2,699,904",53,2,10,11
760,‡πÄ‡∏≠‡πá‡∏ó‡∏ô‡πà‡∏≤ ‡∏õ‡∏£‡∏∞‡∏Å‡∏±‡∏ô‡∏™‡∏∏‡∏Ç‡∏†‡∏≤‡∏û ‡∏û‡∏£‡πâ‡∏≠‡∏°‡∏î‡∏π‡πÅ‡∏•‡∏Ñ‡∏∏‡∏ì‡πÉ‡∏ô‡∏ó‡∏∏‡∏Å‡∏ä‡πà‡∏ß‡∏á‡∏ä‡∏µ‡∏ß‡∏¥‡∏ï,"3,326,126",14,3,7,13
761,When your Amish town is frozen,"512,991",4645,135,10,13
762,„Ç≠„É£„ÉÉ„Éà„Éï„Éº„Éâ„ÄÄLUNA Web CM„ÄÄ15Áßíver.ÔΩú„Éö„ÉÉ„Éà„É©„Ç§„É≥,"1,132,972",19,0,7,14
763,Jonas Paul Eyewear - Affordably Cool Kids Glasses,"1,410,355",11,1,7,14
764,"Emma, Le Trefle","12,521,358",14962,330,10,8
765,#YoNoTrabajo,"22,829,976",1426,70,10,13
766,En 2021 voyagez en camping-car !,"641,248",0,0,7,16
767,BUDDAY SHUDDAY- ITC Master Chef Frozen Snacks,"8,558,301",24,0,7,14
768,–ê–í–¢–û_–ü–û–î–°–¢–ê–í–ê –ù–ï –£–î–ê–õ–ê–°–¨,"2,424,328",3130,267,0,6
769,„Ç¶„É©„Ç∏„Çß„Éã„ÉÉ„ÇØÔΩûÊò†„Åà„ÅÆË£èÂÅ¥ÔΩû,"661,853",2,0,7,14
770,Stasi peeing her pants,"1,950,860",560,281,1,4
771,Captain on United flight deals with some politics,"730,494",600,53,8,11
772,Sign Language during our Wedding- 2015,"2,420,783",2166,82,10,11
773,Á§æÈï∑„ÄÅ„Ç≥„Éñ„ÉÄ„Ç§È†ºÂ≠ê„Å´kiss!„ÄÄÊ≥¢Â∑¶ÈñìÊµ∑‰∏≠ÂÖ¨Âúí20150119,"2,185,266",1921,66,10,10
774,–°–ª—É—á–∏–ª—Å—è –≤–∑—Ä—ã–≤ –Ω–∞ —Å—Ç–∞–Ω—Ü–∏–∏ –º–µ—Ç—Ä–æ –¢–µ—Ö–Ω–æ–ª–æ–≥–∏—á–µ—Å–∫–∏–π –∏–Ω—Å—Ç–∏—Ç—É—Ç,"2,353,696",2793,4727,6,12
775,Premier Mot,"14,025,612",20,3,1,14
776,Horizon League Tournament: Oakland vs Youngstown State,"1,379,497",111,75,1,9
777,Niemand liebt Autos mehr als willhaben | Spot 2,"10,876,985",49,15,0,14
778,"COREOGRAFIAS RAUL CHARLO, BAILE MODERNO","2,602,204",720,201,3,2
779,PA PANAMERICANO EL ORIGINAL,"25,349,977",28213,1986,7,5
780,Jade Foret et Arnaud Lagardere,"2,592,135",429,2007,10,6
781,Make a cigarette float,"720,739",144,281,6,2
782,Oasis' Noel Gallagher assaulted on stage in Toronto--2008-09-07,"2,389,276",2342,255,7,3
783,El Aeromodelismo,"742,498",677,146,13,3
784,"US Open Surfing - Huntington Beach, CA","4,040,497",860,764,3,3
785,David Cook and David Archuleta Guitar Hero Commercials!,"2,911,092",8025,495,3,3
786,Pep's - Liberta ( VerSiOn KaraOk√© ),"1,053,812",929,77,7,2
787,The Strokes - New York City Cops (High Quality Live),"6,012,403",14002,286,7,2
788,I slept with my teacher,"9,844,002",1998,2357,4,2
789,canon,"1,151,211",3600,303,7,1
790,"Red Hot Chili Peppers "" Californication "" ( LIVE )","1,318,163",4440,74,7,3
791,Tom Cruise Scientology Video - ( Original UNCUT ),"14,240,339",91156,18041,3,3
792,Daredevil Trailer,"1,533,971",1562,132,4,2
793,Japonista Legend   Japonista Sole Version,"3,570,199",301,387,4,5
794,"chien qui chante ""petit papa noel""","7,560,798",4719,1735,11,1
795,disney world top 10 rides,"757,817",575,141,3,4
796,"Before a Bush Speech, this happens","10,269,774",11244,3604,1,2
797,"T√∫lio Maravilha, o maior atacante do Brasil nos anos 90, faz de bicicleta o 972¬∫ gol da carreira","1,132,362",536,204,13,6
798,Buttons-The Pussycat Dolls- A Music Video by Cameron Perrins,"1,370,046",1661,548,7,2
799,AH-64 in action kabul afganistan part.1,"2,144,229",3187,629,0,2
800,OYSHO_SPORT,"32,808,096",12,4,7,14
801,7 Things To Do Before I'm 30- Trailer,"3,675,488",2497,267,3,3
802,Maradona_Dribble_skill,"5,154,149",4152,158,13,1
803,touch n go hercules R/C,"693,502",226,19,3,2
804,MC Chaves Canta Funk do Jeremias (ORIGINAL),"8,846,667",9158,1147,1,2
805,Flo-Rida - Low routine,"13,329,843",10448,1373,3,2
806,Brooke gets a tattoo,"17,642,798",2103,1621,10,2
807,Tenue de Soir√©e Christophe Ma√© Gad Elmaleh,"1,274,697",1641,102,7,2
808,Eddie Sachs and Dave MacDonald fatal Crash @ Indy 500 1964,"1,193,770",354,37,13,2
809,Super fast police reaction to a road rage,"2,908,526",2,0,0,6
810,Trafalgar Law,"650,699",771,87,4,4
811,„Éõ„ÉÉ„Ç≠„Éß„ÇØ„Ç∞„Éû„ÄÄËµ§„Å°„ÇÉ„Çì„ÅÆÊÇ≤Âäá,"1,206,374",199,260,11,4
812,The greatest goal to be ever waved off,"951,692",1541,178,13,6
813,Naruto german opening,"2,082,329",27628,1967,3,2
814,Los 25 animales mas raros del mundo AFIRMAN LOS CIENTIFICOS,"1,051,406",516,811,0,4
815,Fiat 500  vs  Nissan 350z,"2,110,577",1437,146,0,1
816,Britney Spears ft. Rihanna-S&M Live at Billboard Awards 2011,"1,475,634",2487,267,7,6
817,–ö–∞–º–∞–∑ –≤–∏–¥–µ–æ (–°–µ–ª–æ –í—ã—Ä—ã–ø–∞–µ–≤–æ - –ú–æ—Ä–¥–æ–≤–∏—è)‚Ññ4,"1,015,248",236,152,0,7
818,The Automated Max Cantilever,"1,567,738",11,0,7,13
819,Girl honks at ship,"12,100,810",69506,3924,0,7
820,–£–ø–∞–ª–æ,"1,198,916",2351,1747,10,11
821,11/2/16 Chicago Cubs World Series Champs! Wrigley / Skyline of Chicago - Celebrate! Party!,"1,045,871",2549,83,10,11
822,60 Year Old Kills Hip-Hop Routine!!,"4,352,952",10647,161,10,10
823,"Trump: If Ivanka weren‚Äôt my daughter, I'd be dating her","1,528,271",1557,1211,1,10
824,–°–∞—è–Ω—Å–∫–∏–π –º–µ—Ç–µ–æ—Ä–∏—Ç.,"701,308",2013,3013,10,11
825,EPIC Drum Solo FAIL!,"3,865,978",22231,900,1,6
826,Bertolucci over Maria Schneider,"4,117,228",851,1937,4,8
827,Lil Loaded ft. YG - ‚ÄúGang Unit Remix‚Äù (Official Video),"1,736,200",127492,1363,7,15
828,Snapask Singapore | Effective Learning You Can Trust,"601,993",7,1,7,15
829,Voter Information Card (16x9 - 15 seconds) | Elections Canada,"1,898,564",2,0,7,16
830,Real Gunfighter Lance Thomas on Justic Files,"1,063,456",6840,0,8,4
831,Home with dada - Time Lapse,"38,509,445",27675,0,3,7
832,Âê≥ÈùíÂ≥∞ - Ôºà......ÂÇ¨Áú†Â§ßÂ∏´ÔºâÔºàfeat. Ma√Ætrise Saint-Marc - Les ChoristesÔºâ,"729,068",3681,0,7,17
833,ALL-NEW Villain Xtreme Foam Face Wash | Get Your Grooming Game On With Superstar Yash,"20,177,611",118,0,7,18
834,Laissez Toulouse vous inspirer - MEETINGS,"2,396,085",10,0,7,15
835,ÿ£ÿ®ÿ±ÿ≤ ÿ•ŸÜÿ¨ÿßÿ≤ÿßÿ™ solutions ŸÅŸä ÿπÿßŸÖ 2021 #ÿ±ŸàÿßÿØ_ÿßŸÑŸÖÿ≥ÿ™ŸÇÿ®ŸÑ_ÿßŸÑÿ±ŸÇŸÖŸä,"1,934,789",2,0,7,17
836,Big Homiie G - Who Got It (Official Video) ft. Finesse2Tymes,"865,867",24156,0,7,17
837,Amazon Fresh - Try the Amazon Dash Cart,"77,123,469",159,0,7,16
838,Het Overheersbeestje (20sec),"7,829,229",25,0,7,14
839,Console Connect: Making life easier for network engineers,"928,250",3,0,7,17
840,–ö”©–∑–º–æ–Ω—à–∞“ì—ã–º (Remix),"852,325",2558,0,7,17
841,Robot tagliaerba autonomo senza filo perimetrale con perimetro virtuale,"3,443,901",0,0,7,18
842,"Daha iyi bir ben i√ßin, bu Form kendim i√ßin!","10,514,303",15,0,7,17
843,Train- Drive by (with lyrics),"14,018,313",32918,0,7,7
844,Brenda Lee - Rockin' Around The Christmas Tree (Official Music Video),"2,605,084",55604,0,7,18
845,"Raisa, Ahmad Dhani - Biar Menjadi Kenangan (Official Lyric Video)","1,891,769",33390,0,7,18
846,Negramaro - Ricominciamo tutto (Sanremo 2024),"1,095,011",14122,0,7,19
847,Insta Vs Reality üò≤üòç #travel #unrealplaces #explore #nature,"73,165,517",2967591,0,14,19
848,"Yes or No (Feat. ÌóàÏú§ÏßÑ of LE SSERAFIM, Crush) (Yes or No (Feat. ÌóàÏú§ÏßÑ of LE SSERAFIM,...","10,642,441",69340,0,7,19
849,SYLVANIAN FAMILIES BABY AMUSEMENT PARK 15 SEC,"7,090,783",4,0,7,17
850,Shaboozey - A Bar Song (Tipsy) [Official Visualizer],"4,941,173",121986,0,7,19
851,PIRTEK | Hydraulikschlauch Reparatur vor Ort | 24 Stunden Service,"865,065",62,0,7,11
852,Eden Mu√±oz - Mi Primer D√≠a Sin Ti (Video Oficial),"3,304,460",40451,0,7,20
853,ƒ∞NTƒ∞HAR,"869,318",9477,0,7,19
854,Into You (ÎÑ§Í∞Ä ÎÇ¥ ÎßàÏùåÏóê ÏûêÎ¶¨ Ïû°ÏïòÎã§ (Into You)),"2,594,431",22542,0,7,19
855,CGX Shampoo 15seg,"32,562,851",1706,0,7,17
856,"Olly, Angelina Mango, JVLI - Per due come noi (Official Video)","3,822,060",38443,0,7,19
857,Minimum √ßa,"680,629",11809,0,7,19
858,"Asake, Travis Scott - Active (Official Video)","6,232,792",184120,0,7,19
859,GELO - Can You Please (Lyric Video) ft. GloRilla,"1,404,690",70327,0,7,20
860,Los Presidentes,"712,072",8473,0,7,19
861,Luck Ra - UN CLAVO,"1,963,336",24553,0,7,20
862,Addison Rae - High Fashion (Official Video),"2,568,713",124089,0,7,20
863,Ya Fui Negro Ya Fui Blanco,"705,581",10643,0,7,20
864,These Little Moments ü•πü§ç #toddler #siblings #cute,"69,659,013",1117902,0,6,19
865,–†–µ–∫—Ç–∞–ª—å–Ω—ã–µ –†–µ–π–Ω–¥–∂–µ—Ä—ã - –ì—Ä—è–∑–Ω–∞—è —Ä–∞–±–æ—Ç–µ–Ω–∫–∞!,"1,058,118",1790,955,9,11
866,The Smokey Life - With Lyrics (Leonard Cohen),"1,701,700",1514,64,7,5
867,Head & Shouders - Ampollas Hidrataci√≥n intensiva,"1,437,127",5,2,10,9
868,Out Of The Furnace -- Official Trailer,"1,479,394",301,40,3,8
869,–õ—ñ–∫—É–≤–∞–Ω–Ω—è —Ç—É–±–µ—Ä–∫—É–ª—å–æ–∑—É –≤ –£–∫—Ä–∞—ó–Ω—ñ - –±–µ–∑–∫–æ—à—Ç–æ–≤–Ω–æ —É —Å—ñ–º–µ–π–Ω–æ–≥–æ –ª—ñ–∫–∞—Ä—è. –ü—Ä–∏–∫—ñ–Ω—á–∏–º–æ –µ–ø—ñ–¥–µ–º—ñ—é —Ä–∞–∑–æ–º!,"728,763",133,14,7,13
870,Pennsylvanians: Help your hospital!,"774,430",0,0,7,15
871,Leverage: Redemption - Official Trailer | IMDb TV | Coming July 9,"9,056,254",3856,34,7,16
872,Luke Hemmings - Starting Line (Official Video),"635,002",129469,179,7,16
873,The #1 Pharmacist Recommended Brand,"14,234,392",37,24,7,15
874,Wild Child - Enya,"9,598,411",11951,0,3,1
875,What goes around (comes around) - Lyrics,"1,347,605",3001,0,7,1
876,"Spongebob ""The Soldier of Love""","25,610,196",14378,0,7,2
877,"Be√©le, Myke Towers, Feid - Barranquilla Bajo Cero (Official Video)","8,254,128",198513,0,7,17
878,Ayra Starr - Rush,"17,367,547",272550,0,10,17
879,Din Cauza Ta,"692,770",5164,0,7,17
880,#BikeIsBest | There has never been a better time to ride a bike,"2,772,378",186,0,7,15
881,Save Water. Save California.,"5,175,299",9,0,7,17
882,"Meet Dr. Shecarra Cook, ACU Online Graduate","2,083,923",11,0,7,17
883,Southeastern Oklahoma State University | Determined to Learn,"1,957,395",2,0,7,16
884,Why Buy Travel Insurance?,"3,583,264",115,0,7,12
885,Regina Power PL,"13,378,102",2,0,7,18
886,JCB Indonesia New Brand Ambassador - Luna Maya | JCB,"1,191,811",2,0,7,18
887,Âê≥ÈùíÂ≥∞ - Ôºà‚Ä¶‚Ä¶Â∞èÁéãÂ≠êÔºâÔºàfeat. Â§ßÊ©ã‰∏âÈáçÂî±Ôºâ,"758,113",2955,0,7,17
888,Neutro Balance | Una piel en balance te conecta con lo que amas,"14,265,064",18,0,7,17
889,Get inspired and unleash your creativity in the kitchen |  RiceSelect¬Æ,"1,405,618",7,0,7,17
890,XCOPRI¬Æ (cenobamate tablets) CV Commercial,"4,890,361",48,0,7,16
891,–§–æ—Ä—Ç–µ—Ü—è –ë–∞—Ö–º—É—Ç,"700,921",20921,0,7,18
892,"Chu,Tayousei.","739,527",17094,0,7,17
893,OfficialÈ´≠Áî∑dism - Subtitle [Official Video],"22,449,034",240778,0,7,17
894,Anas feat. Soolking - Sur Pp (Clip officiel),"8,075,765",127110,0,7,18
895,Ocean Spray¬Æ | What Will You Do With All That Power?,"22,454,152",131,0,7,17
896,Mephisto,"832,845",21237,0,7,18
897,Shop Groceries Online with Fast Lane,"769,638",4,0,7,16
898,Slim Chickens 2018 TV Commercial - Variety,"1,727,971",2,0,7,13
899,Collect More Verified Customer Ratings and Reviews with Shopper Approved: An Introduction Video,"702,178",13,0,7,15
900,Cƒ±stak x Ne,"903,229",5919,0,7,19
901,Tak Ingin Usai,"814,482",6594,0,7,18
902,Supernova,"27,166,456",123748,0,7,19
903,Destroy Lonely - if looks could kill (Official Music Video),"830,566",58361,0,7,18
904,Arjan Vailly,"5,460,189",64375,0,7,18
905,Take the First Step Towards a Meaningful Career,"1,822,083",33,0,7,14
906,White (ÌôîÏù¥Ìä∏ (White)),"8,226,081",25232,0,7,18
907,Enchanteur Body Lotions & Creams - Irresistibly Silky Soft Skin,"9,658,124",422,0,7,18
908,My Love,"583,139",10498,0,7,19
909,Amapola,"952,452",18255,0,7,19
910,–ú–æ–∂–Ω–æ —è —Å —Ç–æ–±–æ–π,"1,356,781",37200,0,7,19
911,Ship Sticks: Send Your Golf Clubs Ahead,"1,783,373",13,0,7,13
912,Isadora Pompeo - Alian√ßa (Ao Vivo),"1,535,732",30924,0,7,19
913,Trueno - PULL UP! (Official Video),"1,434,999",86484,0,7,19
914,Tengo Un Plan (Remix),"2,381,406",41572,0,7,19
915,"J.P., NLE Choppa - Bad Bitty (Remix) [Official Music Video]","987,265",46378,0,7,19
916,"Kevin AMF, Omar Landell - Blair (Video Oficial)","2,762,811",51542,0,7,19
917,Best Perspectives of @jordikoalitic ‚ò†Ô∏è..,"124,380,183",2347710,0,3,20
918,Yo Vengo De La Nada,"592,930",13705,0,7,19
919,What happened with petrol ‚õΩÔ∏è theif?,"86,474,636",770294,0,10,20
920,Nanpa B√°sico - Cuando Vienes (Official Video),"686,747",24507,0,7,19
921,Ëµ∞„ÇåSAKAMOTO / VaundyÔºöMUSIC VIDEO,"2,945,781",25949,0,7,20
922,Whiplash,"26,339,205",125508,0,7,19
923,ETA (RMX),"1,036,672",33644,0,7,19
924,camera shutter speed matches helicopter`s rotor,"3,682,223",53493,581,10,12
925,Self-Driving Uber running red light,"1,872,637",5143,3969,0,11
926,Man destroys yellow jacket nest with bare hands ORIGINAL,"1,655,964",9915,477,1,12
927,Reservations.com - Saves You Time & Makes Booking Easy!,"1,122,738",2,2,7,13
928,Scarlett Johansson for Grandma,"1,635,974",2457,274,3,12
929,Maintenance of a Double glazed PVC window,"1,706,353",567,76,2,7
930,Cestovn√≠ poji≈°tƒõn√≠ AXA,"545,574",5,8,7,14
931,Beijing 2008 - Usain Bolt 9.69 sec World Record 100m,"1,864,049",331,1416,13,3
932,–ö–æ–≥–¥–∞ —Ç–≤–æ–π —Ö—É–¥—à–∏–π –≤—Ä–∞–≥ - —ç—Ç–æ –∫–æ–≤–µ—Ä,"2,051,016",18663,1807,10,12
933,Pink - I Don't Believe You Official Music Video Sims 2 HD,"671,291",400,119,7,4
934,Stephen Colbert 2011 Commencement Speech at Northwestern University,"1,142,028",7520,105,1,6
935,Funny bear - Cho kaka o,"556,376",98,59,3,2
936,Mister Dakar Doesn‚Äôt Want To Weigh Himself | Dakar Rally 2019 Ep.1,"646,832",536,48,7,14
937,Magistral - Consejos para ganar al Poker,"1,529,281",8,10,7,14
938,BMW Crash BENZ ‡∏Ç‡∏±‡∏ö‡∏£‡∏ñ‡∏£‡∏∞‡∏ß‡∏±‡∏á‡πÜ‡∏ô‡∏∞‡∏Ñ‡∏£‡∏±‡∏ö ‡πÄ‡∏™‡∏µ‡∏¢‡∏î‡∏≤‡∏¢‡∏£‡∏ñ,"766,364",395,31,0,12
939,ÿ±ŸÇÿµ ŸàÿÆŸÖÿ± ÿ®ÿßÿ≠ÿØÿßÿßÿ≥ÿ∑ÿ≠ ÿßŸÑÿπŸÖÿßŸäÿ± ÿßŸÑŸÖÿ∑ŸÑŸá ÿπŸÑŸâ ÿßŸÑÿ≥ÿßÿ±ŸäŸá ÿßŸÑÿπŸÑŸÖ ÿ®ÿ¨ÿØŸá ÿßÿ¨ÿßŸÜÿ®,"1,348,369",273,695,10,11
940,"Come, habla y sonr√≠e con confianza | Corega Chile | Adhesivos para pr√≥tesis dentales","2,630,931",8,3,7,15
941,Survive - Support Small Business - Facebook,"4,440,336",277,53,10,15
942,It's Time.,"1,748,740",5,10,7,15
943,Dog loves ticklish fringe,"943,385",8064,248,10,11
944,"""Terrified"" performed by Didi Benami, written by Kara DioGuardi and Jason Reeves.","1,275,336",4344,59,7,5
945,What happens when you surprise your BF with a boxer puppy?,"681,624",3157,36,10,8
946,Mano Negra - Mala Vida,"18,428,307",38890,1029,7,1
947,Brave Kitten Stands Up to Dog,"45,622,964",98565,38062,3,6
948,–ù–∞–ø—É–≥–∞–ª–∏ –±–µ–¥–æ–ª–∞–≥—É,"8,680,501",13589,690,1,6
949,ÊñπÁèàÊÇ†Â¨âÊ∞¥ÁâáÊÆµ.mp4,"45,632,326",4263,9843,3,5
950,Caroline - Status Quo,"5,114,818",7759,171,7,1
951,5 biggest planes in the world,"4,044,462",3746,929,3,4
952,** FREE PSN / STEAM CODES **. Dropping every 250 subscribers!,"731,822",15,43,5,12
953,–û—Ö–æ—Ç–Ω–∏—á–∏–π –∫–æ—Ç,"670,799",5378,3901,10,11
954,HOMEFRONT [Official Trailer],"3,469,160",1551,30,3,8
955,"Lightning hits the sea - HD - Bay of Kotor, Montenegro","3,690,436",8840,394,3,7
956,Funny Cats,"57,324,296",143295,3809,11,2
957,–ñ–∏–ª—å–µ –¥–ª—è –∏–Ω–≤–∞–ª–∏–¥–∞. –£–∂–∞—Å—ã –°—ã–∫—Ç—ã–≤–∫–∞—Ä–∞.,"737,404",1471,212,10,12
958,funniest field set ever in Cricket,"6,502,261",2672,503,13,4
959,Mariah Carey New Years Eve 2016 2017,"2,766,473",2015,2655,10,12
960,Good old days,"1,249,801",10317,145,5,11
961,Finch Frozen to Fence Rescue,"3,702,696",25741,152,10,12
962,"Children Of Bodom - ""In Your Face""","10,945,662",44450,1852,7,1
963,Adam Braidwood vs. Tim Hague,"1,884,834",538,1047,13,12
964,Mercedes Benz Atego truck drift in the snow,"1,654,960",723,168,0,2
965,Racist Woman yelling and demanding to see a white doctor born in Canada.,"1,614,429",6369,2096,1,12
966,2018 - –õ–î–ü–†,"10,615,380",2,0,10,12
967,Parfym.se - Ad Q3-4 2019 - 15sec (B),"2,371,993",7,1,7,14
968,Male cry jury with an incredible voice,"27,566,202",55010,1927,7,6
969,Human Turkish Get Up,"21,193,172",13643,2737,13,6
970,bob marley,"23,465,084",40072,1023,7,1
971,Rent A Wheel | Rent A Tire 20th Anniversary Sale,"1,908,813",4,8,7,12
972,BARCS vet tech comforts crying puppy,"805,865",1041,32,10,11
973,–í—ã–±–æ—Ä—ã 2018. –®–æ–∫–∏—Ä—É—é—â–∏–π —Ñ–∏–ª—å–º –ù–∏–∫–∏—Ç—ã –ú–∏—Ö–∞–ª–∫–æ–≤–∞ ¬´–õ–æ–±–æ—Ç–æ–º–∏—è¬ª,"2,056,243",5762,28321,9,12
974,Duiosa unica bonita,"21,679,223",13097,1155,4,3
975,Juiceee feat. Milena Ceranic - Bikini,"5,790,939",8173,1653,7,6
976,Anaconda died because of eating another Snake,"7,540,231",1033,237,10,10
977,100 greatest funny videos in the world,"18,742,994",11645,2828,3,5
978,Orbit M√©xico - Aeropuerto,"56,145,673",1845,989,6,11
979,JESUS CHRIST IN JURASSIC PARK,"1,133,562",2677,878,11,6
980,"Tommy Wiseau in The Room vs. James Franco in The Disaster Artist (""I did not hit her "" scene)","835,947",7495,232,4,12
981,Charlie Charlie Challenge Android,"7,594,484",1473,525,5,10
982,Selfie Domino,"7,135,785",7993,3168,10,12
983,–≠–∫—Å—Ç—Ä–µ–º–∞–ª—å–Ω–∞—è —ç–∫—Å–∫—É—Ä—Å–∏—è PNK,"14,316,983",5944,375,12,12
984,SDCC 2018 D23EXPO LEAK AVENGERS 4 TEASER TRAILER GUARDIANS AND THOR,"902,113",5250,16759,10,12
985,Dogs Charge Police Officer Meridian Idaho David Gomez,"2,271,314",11303,261,9,11
986,‚ÄûHipis‚Äù - nowa ksiƒÖ≈ºka Paula Coelho ju≈º w ksiƒôgarniach!,"979,231",11,0,7,13
987,"–õ–∏–¥–µ—Ä –≤–µ–∂–ª–∏–≤—ã—Ö —Ñ–µ—Ä–º–µ—Ä–æ–≤ –æ –∫–æ–Ω—Ü–µ—Ä–Ω–µ ""–ü–æ–∫—Ä–æ–≤—Å–∫–∏–π""","815,205",5214,1997,10,12
988,Philippe Poutou - On n'est pas touch√© (clip officiel de campagne √† la pr√©sidentielle 2017),"502,245",3060,950,11,12
989,Blinker fluid prank,"3,472,449",25739,1535,10,12
990,Champions and Challengers - Adventure Time - Pre-register on Google Play Store,"2,986,914",795,174,5,12
991,ITS Coop Travel - Traumhafte Ferien (kurz),"1,263,044",2,5,14,12
992,It Got Grandma!: Chimp at Zoo Throws Poo in Grandma's Face!,"3,975,037",24800,1387,11,12
993,2017 0401 s10 Toru≈Ñ Bydgoszcz,"1,273,971",3076,454,3,12
994,Eagles Fan Gets Wrecked by Pole,"706,418",877,40,4,13
995,UltraTap - –Ω–æ–≤–æ—Å—Ç–∏ –∏–∑ —Å–æ—Ü—Å–µ—Ç–µ–π,"498,038",706,1533,10,12
996,CALIFORNIA - MONDAY JUSTICE FEAT. SNOOP DOGG (Official Music Video),"943,248",2949,22,7,12
997,John McEnroe's most famous outburst happened in Stockholm in 1984,"4,853,621",7254,426,13,5
998,Adi Golan's Group - Teaser,"56,578",2,0,7,9
999,Keg tapping goes horribly wrong.,"751,804",3427,313,3,12
1000,LIVE Hurricane Irma - Downtown Orlando - American Safety Council,"554,438",184,8,8,11
